,Time,Temp (F),Dew Point (F),Humidity (%),Wind,Wind Speed (mph),Wind Gust (mph),Pressure (in),Precip (in),Condition,average_measurement_time,elevation_m,intake_height_m,co2_ppm,co2_uncertainty,co2_SD_raw,co2_n_raw,co2_SD_minutes,co2_n_minutes,co2_min,co2_max,co2_flags
3624,2018-06-01 00:53:00,59,52,78,ESE,5,0,29.1,0.0,Fair,2018-06-01T00:29:53Z,75,50,417.79,0.06,0.63,898.0,0.46,54.0,416.66,419.79,...
3625,2018-06-01 01:53:00,58,53,84,ESE,6,0,29.1,0.0,Fair,2018-06-01T01:29:18Z,75,50,418.83,0.06,0.73,915.0,0.69,56.0,417.78,420.54,...
3626,2018-06-01 02:53:00,57,53,87,ENE,3,0,29.11,0.0,Fair,2018-06-01T02:37:08Z,75,50,419.46,0.06,0.91,450.0,0.85,28.0,418.27,421.64,...
3627,2018-06-01 03:53:00,56,52,87,CALM,0,0,29.12,0.0,Fair,2018-06-01T03:29:37Z,75,50,423.7,0.07,1.91,921.0,1.93,56.0,420.44,427.22,...
3628,2018-06-01 04:53:00,55,51,86,CALM,0,0,29.13,0.0,Fair,2018-06-01T04:29:37Z,75,50,432.87,0.08,3.14,925.0,3.15,56.0,427.1,437.19,...
3629,2018-06-01 05:53:00,58,52,81,CALM,0,0,29.14,0.0,Fair,2018-06-01T05:29:37Z,75,50,434.05,0.09,1.26,930.0,1.17,56.0,431.87,436.33,...
3630,2018-06-01 06:53:00,60,53,78,CALM,0,0,29.15,0.0,Fair,2018-06-01T06:29:14Z,75,50,433.55,0.09,2.44,939.0,2.42,56.0,429.9,438.29,...
3631,2018-06-01 07:53:00,62,52,70,SE,5,0,29.16,0.0,Fair,2018-06-01T07:29:30Z,75,50,433.91,0.09,2.18,949.0,2.13,56.0,429.99,437.88,...
3632,2018-06-01 08:53:00,66,52,60,VAR,3,0,29.15,0.0,Fair,2018-06-01T08:29:30Z,75,50,432.12,0.08,1.92,955.0,1.88,56.0,429.02,435.07,...
3633,2018-06-01 09:53:00,70,50,49,N,3,0,29.15,0.0,Fair,2018-06-01T09:29:30Z,75,50,434.8,0.09,5.44,957.0,5.36,56.0,429.49,451.22,...
3634,2018-06-01 10:53:00,72,52,49,VAR,3,0,29.13,0.0,Fair,2018-06-01T10:27:00Z,75,50,440.2,0.1,4.38,893.0,4.31,52.0,434.36,451.05,...
3635,2018-06-01 11:53:00,74,55,52,S,8,0,29.13,0.0,Fair,2018-06-01T11:37:00Z,75,50,448.73,0.1,3.13,571.0,3.09,33.0,442.88,452.76,...
3636,2018-06-01 12:53:00,74,55,52,S,14,0,29.13,0.0,Fair,2018-06-01T12:29:30Z,75,50,452.44,0.13,4.71,967.0,4.6,56.0,438.06,464.24,...
3637,2018-06-01 13:53:00,74,55,52,S,6,0,29.13,0.0,Fair,2018-06-01T13:29:30Z,75,50,450.26,0.12,3.7,970.0,3.56,56.0,438.6,454.91,...
3638,2018-06-01 14:53:00,75,54,48,SSE,8,0,29.11,0.0,Fair,2018-06-01T14:32:26Z,75,50,435.17,0.08,8.06,492.0,8.16,29.0,426.0,444.61,...
3639,2018-06-01 15:53:00,73,54,51,S,10,0,29.12,0.0,Fair,2018-06-01T15:29:55Z,75,50,426.33,0.07,1.79,968.0,1.78,57.0,423.42,429.19,...
3640,2018-06-01 16:53:00,73,54,51,SSW,9,0,29.1,0.0,Fair,2018-06-01T16:29:22Z,75,50,430.14,0.08,0.94,927.0,0.94,56.0,428.2,431.69,...
3641,2018-06-01 17:53:00,72,53,51,S,6,0,29.1,0.0,Fair,2018-06-01T17:29:22Z,75,50,426.78,0.07,1.08,925.0,1.04,56.0,424.91,429.46,...
3642,2018-06-01 18:53:00,70,53,55,S,6,0,29.1,0.0,Fair,2018-06-01T18:29:22Z,75,50,426.66,0.07,0.64,925.0,0.54,56.0,425.44,428.53,...
3643,2018-06-01 19:53:00,68,53,59,SSE,6,0,29.1,0.0,Fair,2018-06-01T19:29:22Z,75,50,422.7,0.07,2.16,929.0,1.98,56.0,420.25,428.44,...
3644,2018-06-01 20:53:00,67,54,63,S,5,0,29.11,0.0,Fair,2018-06-01T20:36:44Z,75,50,420.88,0.06,1.55,459.0,1.48,28.0,419.88,425.78,...
3645,2018-06-01 21:53:00,65,56,73,SE,5,0,29.12,0.0,Fair,2018-06-01T21:29:41Z,75,50,421.88,0.06,3.79,940.0,3.44,56.0,418.85,435.47,...
3646,2018-06-01 22:53:00,64,56,75,SE,3,0,29.12,0.0,Fair,2018-06-01T22:29:06Z,75,50,420.47,0.06,0.58,942.0,0.51,56.0,419.29,422.2,...
3647,2018-06-01 23:53:00,63,56,78,ENE,3,0,29.12,0.0,Fair,2018-06-01T23:29:30Z,75,50,426.55,0.07,5.01,945.0,4.07,56.0,420.72,437.51,...
3648,2018-06-02 00:53:00,62,56,80,CALM,0,0,29.11,0.0,Fair,2018-06-02T00:29:30Z,75,50,429.5,0.08,3.79,947.0,3.29,56.0,425.45,439.18,...
3649,2018-06-02 01:53:00,61,56,83,SE,7,0,29.12,0.0,Fair,2018-06-02T01:29:30Z,75,50,428.43,0.08,2.89,948.0,2.62,56.0,425.44,438.53,...
3650,2018-06-02 02:53:00,61,56,83,E,5,0,29.12,0.0,Fair,2018-06-02T02:29:30Z,75,50,433.98,0.09,1.93,948.0,1.92,56.0,430.01,437.0,...
3651,2018-06-02 03:53:00,59,55,87,CALM,0,0,29.12,0.0,Fair,2018-06-02T03:29:30Z,75,50,433.01,0.09,1.44,948.0,1.43,56.0,431.43,436.68,...
3652,2018-06-02 04:53:00,59,55,87,CALM,0,0,29.13,0.0,Fair,2018-06-02T04:27:30Z,75,50,435.56,0.09,1.49,901.0,1.48,53.0,433.2,438.37,...
3653,2018-06-02 05:53:00,61,55,81,CALM,0,0,29.14,0.0,Fair,2018-06-02T05:37:30Z,75,50,444.18,0.1,0.94,547.0,0.82,32.0,442.22,445.79,...
3654,2018-06-02 06:53:00,64,54,70,CALM,0,0,29.15,0.0,Fair,2018-06-02T06:29:30Z,75,50,447.04,0.12,3.0,957.0,2.87,56.0,443.81,459.51,...
3655,2018-06-02 07:53:00,68,54,61,CALM,0,0,29.16,0.0,Fair,2018-06-02T07:29:30Z,75,50,449.78,0.12,8.38,959.0,8.34,56.0,432.5,468.39,...
3656,2018-06-02 08:53:00,71,54,55,ESE,6,0,29.15,0.0,Fair,2018-06-02T08:31:30Z,75,50,463.99,0.13,3.8,480.0,3.77,28.0,456.07,469.95,...
3657,2018-06-02 09:53:00,75,53,46,SE,5,0,29.15,0.0,Fair,2018-06-02T09:29:20Z,75,50,468.3,0.16,3.55,911.0,3.54,55.0,462.92,474.57,...
3658,2018-06-02 10:53:00,78,53,42,SSE,10,0,29.14,0.0,Fair,2018-06-02T10:29:26Z,75,50,464.68,0.15,4.05,924.0,3.98,56.0,458.09,471.55,...
3659,2018-06-02 11:53:00,79,54,42,S,7,0,29.13,0.0,Fair,2018-06-02T11:29:26Z,75,50,464.48,0.15,4.57,932.0,4.28,56.0,450.17,469.5,...
3660,2018-06-02 12:53:00,81,53,38,S,12,0,29.12,0.0,Fair,2018-06-02T12:29:26Z,75,50,461.68,0.14,1.92,938.0,1.83,56.0,458.29,467.8,...
3661,2018-06-02 13:53:00,81,51,35,S,9,0,29.1,0.0,Fair,2018-06-02T13:29:26Z,75,50,464.56,0.15,3.05,939.0,2.95,56.0,459.17,470.42,...
3662,2018-06-02 14:53:00,81,50,34,S,10,0,29.08,0.0,Fair,2018-06-02T14:35:52Z,75,50,462.66,0.12,3.13,465.0,3.05,28.0,457.08,468.63,...
3663,2018-06-02 15:53:00,81,50,34,S,12,0,29.07,0.0,Fair,2018-06-02T15:29:30Z,75,50,457.29,0.14,3.35,949.0,3.37,56.0,450.96,463.19,...
3664,2018-06-02 16:53:00,77,49,37,S,12,0,29.06,0.0,Fair,2018-06-02T16:29:30Z,75,50,445.66,0.11,5.89,950.0,5.9,56.0,437.55,455.86,...
3665,2018-06-02 17:53:00,74,51,45,SSE,6,0,29.07,0.0,Fair,2018-06-02T17:29:30Z,75,50,431.84,0.08,3.65,954.0,3.48,56.0,427.28,441.48,...
3666,2018-06-02 18:53:00,73,51,46,SE,9,0,29.07,0.0,Fair,2018-06-02T18:29:30Z,75,50,423.43,0.07,1.9,958.0,1.71,56.0,420.72,427.1,...
3667,2018-06-02 19:53:00,69,53,57,ESE,8,0,29.08,0.0,Fair,2018-06-02T19:29:30Z,75,50,421.25,0.06,3.39,960.0,2.92,56.0,418.87,434.6,...
3668,2018-06-02 20:53:00,68,54,61,SE,8,0,29.09,0.0,Fair,2018-06-02T20:29:30Z,75,50,423.74,0.07,3.45,960.0,3.19,56.0,419.47,432.69,...
3669,2018-06-02 21:53:00,67,55,66,E,5,0,29.1,0.0,Fair,2018-06-02T21:29:30Z,75,50,424.17,0.07,2.78,962.0,2.32,56.0,421.32,432.54,...
3670,2018-06-02 22:53:00,65,56,73,ESE,6,0,29.1,0.0,Fair,2018-06-02T22:28:00Z,75,50,426.32,0.07,1.68,928.0,1.63,54.0,423.37,432.36,...
3671,2018-06-02 23:53:00,64,56,75,CALM,0,0,29.09,0.0,Fair,2018-06-02T23:38:30Z,75,50,425.53,0.06,1.04,516.0,0.95,30.0,424.2,429.49,...
3672,2018-06-03 00:53:00,64,57,78,ESE,3,0,29.08,0.0,Fair,2018-06-03T00:29:30Z,75,50,426.52,0.07,2.75,963.0,2.3,56.0,423.93,433.67,...
3673,2018-06-03 01:53:00,63,56,78,CALM,0,0,29.08,0.0,Fair,2018-06-03T01:29:30Z,75,50,425.53,0.07,1.88,962.0,1.67,56.0,423.26,431.71,...
3674,2018-06-03 02:53:00,62,55,78,ESE,3,0,29.09,0.0,Fair,2018-06-03T02:30:30Z,75,50,428.9,0.07,1.56,480.0,1.45,28.0,426.74,434.12,...
3675,2018-06-03 03:53:00,61,54,78,ESE,6,0,29.1,0.0,Fair,2018-06-03T03:29:30Z,75,50,431.79,0.08,2.49,963.0,2.49,56.0,428.71,436.78,...
3676,2018-06-03 04:53:00,61,50,67,ESE,3,0,29.1,0.0,Fair,2018-06-03T04:29:30Z,75,50,434.16,0.09,1.86,965.0,1.82,56.0,429.95,438.89,...
3677,2018-06-03 05:53:00,61,55,81,SE,5,0,29.1,0.0,Fair,2018-06-03T05:29:33Z,75,50,441.18,0.1,2.95,921.0,2.97,56.0,435.94,445.4,...
3678,2018-06-03 06:53:00,63,56,78,CALM,0,0,29.1,0.0,Fair,2018-06-03T06:29:33Z,75,50,445.09,0.11,1.46,928.0,1.45,56.0,442.0,447.28,...
3679,2018-06-03 07:53:00,67,53,61,CALM,0,0,29.1,0.0,Fair,2018-06-03T07:29:33Z,75,50,442.06,0.1,1.95,936.0,1.91,56.0,438.15,446.91,...
3680,2018-06-03 08:53:00,72,51,48,CALM,0,0,29.09,0.0,Fair,2018-06-03T08:35:33Z,75,50,439.48,0.08,0.79,462.0,0.74,28.0,438.36,441.07,...
3681,2018-06-03 09:53:00,77,52,42,SSE,6,0,29.08,0.0,Fair,2018-06-03T09:29:52Z,75,50,431.31,0.08,2.19,948.0,2.15,56.0,428.73,438.53,...
3682,2018-06-03 10:53:00,81,56,42,E,5,0,29.06,0.0,Fair,2018-06-03T10:29:52Z,75,50,426.8,0.07,3.05,956.0,3.05,56.0,423.09,431.67,...
3683,2018-06-03 11:53:00,82,58,44,S,10,0,29.05,0.0,Fair,2018-06-03T11:29:40Z,75,50,421.48,0.06,1.65,960.0,1.64,56.0,419.09,424.68,...
3684,2018-06-03 12:53:00,83,58,42,VAR,6,0,29.04,0.0,Fair,2018-06-03T12:29:30Z,75,50,427.31,0.07,3.74,964.0,3.76,56.0,420.1,438.21,...
3685,2018-06-03 13:53:00,86,58,38,S,9,0,29.02,0.0,Fair,2018-06-03T13:29:30Z,75,50,445.21,0.11,4.48,963.0,4.35,56.0,436.55,452.56,...
3686,2018-06-03 14:53:00,86,58,38,SSE,8,0,29.01,0.0,Fair,2018-06-03T14:29:30Z,75,50,427.41,0.07,2.11,968.0,2.09,56.0,424.84,434.75,...
3687,2018-06-03 15:53:00,85,57,38,S,9,0,29.0,0.0,Fair,2018-06-03T15:29:30Z,75,50,426.95,0.07,2.33,968.0,2.21,56.0,423.88,436.31,...
3688,2018-06-03 16:53:00,82,56,41,ESE,10,0,28.99,0.0,Fair,2018-06-03T16:29:00Z,75,50,429.3,0.08,2.16,969.0,1.94,56.0,427.42,438.21,...
3689,2018-06-03 17:53:00,76,57,52,ESE,14,24,29.0,0.0,Fair,2018-06-03T17:39:00Z,75,50,430.67,0.07,4.96,499.0,4.66,29.0,427.41,447.52,...
3690,2018-06-03 18:53:00,71,56,59,E,14,0,29.02,0.0,Fair,2018-06-03T18:29:30Z,75,50,429.98,0.08,2.37,964.0,1.92,56.0,428.07,437.9,...
3691,2018-06-03 19:53:00,66,58,75,ESE,9,0,29.04,0.0,Partly Cloudy,2018-06-03T19:29:30Z,75,50,429.29,0.08,2.28,963.0,1.55,56.0,426.17,434.23,...
3692,2018-06-03 20:53:00,67,55,66,ESE,7,0,29.06,0.0,Fair,2018-06-03T20:30:00Z,75,50,432.55,0.08,5.66,480.0,5.54,28.0,425.82,441.0,...
3693,2018-06-03 21:53:00,65,57,75,SSE,5,0,29.06,0.0,Fair,2018-06-03T21:30:02Z,75,50,437.91,0.09,5.58,923.0,5.19,55.0,430.68,451.4,...
3694,2018-06-03 22:53:00,64,58,80,ESE,6,0,29.06,0.0,Fair,2018-06-03T22:29:42Z,75,50,427.43,0.07,2.42,915.0,2.32,55.0,424.89,435.55,...
3695,2018-06-03 23:53:00,63,58,84,E,3,0,29.05,0.0,Fair,2018-06-03T23:29:37Z,75,50,426.63,0.07,2.4,924.0,1.95,56.0,424.65,433.13,...
3696,2018-06-04 00:53:00,62,58,86,E,6,0,29.06,0.0,Fair,2018-06-04T00:29:37Z,75,50,425.07,0.07,0.88,929.0,0.87,56.0,423.49,427.32,...
3697,2018-06-04 01:53:00,61,58,90,SE,7,0,29.06,0.0,Fair,2018-06-04T01:29:37Z,75,50,421.33,0.06,1.54,932.0,1.51,56.0,418.52,425.26,...
3698,2018-06-04 02:53:00,60,58,93,SE,8,0,29.06,0.0,Fair,2018-06-04T02:35:09Z,75,50,420.13,0.06,1.27,478.0,1.28,29.0,418.15,422.52,...
3699,2018-06-04 03:53:00,59,58,96,SSE,7,0,29.06,0.0,Cloudy,2018-06-04T03:29:30Z,75,50,424.43,0.07,1.0,943.0,0.96,56.0,421.94,426.96,...
3700,2018-06-04 04:53:00,59,58,96,CALM,0,0,29.06,0.0,Fair,2018-06-04T04:29:30Z,75,50,425.65,0.07,1.04,953.0,1.02,56.0,423.14,427.98,...
3701,2018-06-04 05:53:00,59,58,96,S,3,0,29.06,0.0,Fair,2018-06-04T05:29:30Z,75,50,426.94,0.07,0.75,956.0,0.72,56.0,425.0,428.16,...
3702,2018-06-04 06:53:00,62,58,86,CALM,0,0,29.06,0.0,Fair,2018-06-04T06:29:30Z,75,50,427.2,0.07,1.13,964.0,1.09,56.0,425.5,429.41,...
3703,2018-06-04 07:53:00,68,58,70,CALM,0,0,29.05,0.0,Fair,2018-06-04T07:29:30Z,75,50,429.22,0.08,0.45,968.0,0.4,56.0,428.33,430.11,...
3704,2018-06-04 08:53:00,72,57,59,SSE,3,0,29.04,0.0,Fair,2018-06-04T08:29:30Z,75,50,425.21,0.07,2.47,973.0,2.48,56.0,421.41,428.9,...
3705,2018-06-04 09:53:00,76,58,54,SSE,7,0,29.04,0.0,Fair,2018-06-04T09:29:30Z,75,50,419.91,0.06,0.9,978.0,0.86,56.0,418.17,421.92,...
3706,2018-06-04 10:53:00,79,58,48,SSE,8,0,29.04,0.0,Fair,2018-06-04T10:29:30Z,75,50,420.73,0.06,0.55,979.0,0.53,56.0,419.65,421.72,...
3707,2018-06-04 11:53:00,78,59,52,S,10,0,29.04,0.0,Haze,2018-06-04T11:40:00Z,75,50,423.52,0.06,0.52,473.0,0.5,27.0,422.68,424.55,...
3708,2018-06-04 12:53:00,78,59,52,ESE,14,0,29.03,0.0,Fair,2018-06-04T12:29:30Z,75,50,425.03,0.07,0.98,980.0,0.93,56.0,423.67,427.96,...
3709,2018-06-04 13:53:00,79,59,50,VAR,7,16,29.02,0.0,Fair,2018-06-04T13:29:30Z,75,50,427.41,0.08,1.92,979.0,1.88,56.0,424.49,431.93,...
3710,2018-06-04 14:53:00,79,59,50,S,8,0,29.0,0.0,Partly Cloudy,2018-06-04T14:29:00Z,75,50,435.5,0.08,6.02,488.0,6.1,28.0,430.51,446.47,...
3711,2018-06-04 15:53:00,79,59,50,S,10,0,28.99,0.0,Fair,2018-06-04T15:29:30Z,75,50,438.33,0.1,2.92,968.0,2.85,56.0,434.45,449.69,...
3712,2018-06-04 16:53:00,74,59,59,S,13,0,29.0,0.0,Fair,2018-06-04T16:29:30Z,75,50,436.42,0.09,2.13,950.0,1.97,55.0,433.37,442.75,...
3713,2018-06-04 17:53:00,72,59,64,S,7,0,29.0,0.0,Fair,2018-06-04T17:29:45Z,75,50,439.51,0.1,1.95,919.0,1.77,56.0,436.5,445.38,...
3714,2018-06-04 18:53:00,67,59,76,S,7,0,29.01,0.0,Fair,2018-06-04T18:29:45Z,75,50,434.06,0.09,5.13,924.0,4.67,56.0,428.72,447.03,...
3715,2018-06-04 19:53:00,65,59,81,SE,10,0,29.03,0.0,Fair,2018-06-04T19:29:45Z,75,50,424.6,0.07,3.44,926.0,3.29,56.0,419.18,432.29,...
3716,2018-06-04 20:53:00,63,59,87,SSE,8,0,29.05,0.0,Fair,2018-06-04T20:33:44Z,75,50,421.07,0.06,1.95,481.0,1.66,29.0,418.73,425.78,...
3717,2018-06-04 21:53:00,61,59,93,SSE,6,0,29.06,0.0,Fair,2018-06-04T21:29:07Z,75,50,420.12,0.06,3.86,930.0,3.09,56.0,417.96,433.09,...
3718,2018-06-04 22:53:00,61,59,93,SE,7,0,29.06,0.0,Cloudy,2018-06-04T22:29:07Z,75,50,420.24,0.06,1.48,930.0,1.43,56.0,418.61,425.04,...
3719,2018-06-04 23:53:00,61,59,93,SE,7,0,29.06,0.0,Cloudy,2018-06-04T23:29:07Z,75,50,425.34,0.07,4.42,931.0,3.81,56.0,420.4,436.69,...
3720,2018-06-05 00:53:00,61,59,93,S,6,0,29.04,0.0,Cloudy,2018-06-05T00:29:07Z,75,50,420.05,0.06,2.04,936.0,1.96,56.0,417.97,428.83,...
3721,2018-06-05 01:53:00,60,59,96,S,6,0,29.04,0.0,Cloudy,2018-06-05T01:28:51Z,75,50,419.23,0.06,1.3,941.0,1.08,56.0,418.1,425.07,...
3722,2018-06-05 02:53:00,60,58,93,CALM,0,0,29.04,0.0,Cloudy,2018-06-05T02:29:30Z,75,50,419.85,0.06,1.39,950.0,1.26,56.0,418.35,425.06,...
3723,2018-06-05 03:53:00,60,58,93,SSE,3,0,29.03,0.0,Cloudy,2018-06-05T03:29:30Z,75,50,420.75,0.06,1.03,958.0,0.96,56.0,419.49,423.12,...
3724,2018-06-05 04:53:00,60,58,93,S,5,0,29.05,0.0,Cloudy,2018-06-05T04:29:30Z,75,50,419.43,0.06,0.77,962.0,0.75,56.0,417.99,421.29,...
3725,2018-06-05 05:53:00,60,58,93,CALM,0,0,29.06,0.0,Cloudy,2018-06-05T05:38:30Z,75,50,420.51,0.06,0.85,485.0,0.79,28.0,419.41,422.57,...
3726,2018-06-05 06:53:00,61,58,90,S,3,0,29.07,0.0,Cloudy,2018-06-05T06:29:30Z,75,50,420.63,0.06,0.64,975.0,0.61,56.0,419.56,421.98,...
3727,2018-06-05 07:53:00,62,58,86,VAR,3,0,29.08,0.0,Cloudy,2018-06-05T07:29:30Z,75,50,419.4,0.06,0.89,980.0,0.81,56.0,418.16,422.73,...
3728,2018-06-05 08:53:00,64,58,80,S,5,0,29.09,0.0,Cloudy,2018-06-05T08:28:30Z,75,50,419.01,0.06,0.93,489.0,0.85,28.0,418.08,421.59,...
3729,2018-06-05 09:53:00,65,58,78,SSW,7,0,29.09,0.0,Cloudy,2018-06-05T09:29:30Z,75,50,419.18,0.06,0.51,980.0,0.48,56.0,418.23,420.05,...
3730,2018-06-05 10:53:00,68,59,73,S,10,0,29.09,0.0,Mostly Cloudy,2018-06-05T10:29:30Z,75,50,418.99,0.06,0.69,979.0,0.62,56.0,417.99,421.2,...
3731,2018-06-05 11:53:00,70,59,68,SSW,8,0,29.08,0.0,Haze,2018-06-05T11:30:05Z,75,50,420.52,0.06,1.37,945.0,1.2,56.0,419.05,425.31,...
3732,2018-06-05 12:53:00,72,59,64,SSE,13,0,29.07,0.0,Haze,2018-06-05T12:29:48Z,75,50,421.77,0.06,1.12,934.0,1.04,56.0,419.78,425.11,...
3733,2018-06-05 13:53:00,72,58,61,S,13,0,29.06,0.0,Fair,2018-06-05T13:29:48Z,75,50,422.06,0.06,0.96,936.0,0.88,56.0,420.14,424.41,...
3734,2018-06-05 14:53:00,74,58,57,S,10,0,29.04,0.0,Fair,2018-06-05T14:33:18Z,75,50,423.84,0.06,1.36,485.0,1.37,29.0,422.06,426.5,...
3735,2018-06-05 15:53:00,73,58,59,S,10,0,29.03,0.0,Fair,2018-06-05T15:29:11Z,75,50,426.83,0.07,0.84,937.0,0.79,56.0,425.53,431.49,...
3736,2018-06-05 16:53:00,73,58,59,S,10,0,29.02,0.0,Fair,2018-06-05T16:29:11Z,75,50,429.03,0.08,1.51,942.0,1.44,56.0,427.21,433.13,...
3737,2018-06-05 17:53:00,69,58,68,S,10,0,29.03,0.0,Fair,2018-06-05T17:29:11Z,75,50,429.74,0.08,2.53,943.0,2.02,56.0,425.42,437.22,...
3738,2018-06-05 18:53:00,65,58,78,S,9,0,29.04,0.0,Fair,2018-06-05T18:28:51Z,75,50,422.3,0.06,2.66,950.0,2.64,56.0,419.27,436.74,...
3739,2018-06-05 19:53:00,63,58,84,S,8,0,29.06,0.0,Fair,2018-06-05T19:29:30Z,75,50,420.89,0.06,4.19,956.0,3.83,56.0,417.94,438.13,...
3740,2018-06-05 20:53:00,61,58,90,S,6,0,29.07,0.0,Fair,2018-06-05T20:29:30Z,75,50,419.8,0.06,2.62,955.0,2.11,56.0,416.72,425.8,...
3741,2018-06-05 21:53:00,60,58,93,SSE,7,0,29.08,0.0,Fair,2018-06-05T21:29:30Z,75,50,417.27,0.06,2.69,954.0,2.38,56.0,415.0,428.92,...
3742,2018-06-05 22:53:00,59,58,96,S,7,0,29.08,0.0,Cloudy,2018-06-05T22:29:30Z,75,50,417.67,0.06,2.86,956.0,2.49,56.0,415.03,425.81,...
3743,2018-06-05 23:53:00,60,58,93,SSE,6,0,29.07,0.0,Cloudy,2018-06-05T23:38:00Z,75,50,417.59,0.05,1.77,480.0,1.38,28.0,416.36,423.18,...
3744,2018-06-06 00:53:00,59,58,96,S,3,0,29.05,0.0,Cloudy,2018-06-06T00:29:30Z,75,50,418.09,0.06,1.84,964.0,1.66,56.0,416.75,425.4,...
3745,2018-06-06 01:53:00,60,58,93,E,7,0,29.04,0.0,Cloudy,2018-06-06T01:29:30Z,75,50,417.99,0.06,0.78,961.0,0.73,56.0,416.99,420.61,...
3746,2018-06-06 02:53:00,60,58,93,SSE,5,0,29.04,0.0,Cloudy,2018-06-06T02:28:43Z,75,50,418.37,0.05,1.04,454.0,0.9,27.0,417.41,421.27,...
3747,2018-06-06 03:53:00,61,57,87,E,6,0,29.04,0.0,Cloudy,2018-06-06T03:30:10Z,75,50,417.55,0.06,0.74,915.0,0.66,54.0,416.18,419.1,...
3748,2018-06-06 04:53:00,62,57,84,SE,5,0,29.05,0.0,Cloudy,2018-06-06T04:29:52Z,75,50,418.06,0.06,0.74,933.0,0.69,56.0,416.77,419.63,...
3749,2018-06-06 05:53:00,62,57,84,SSE,7,0,29.06,0.0,Cloudy,2018-06-06T05:29:52Z,75,50,418.72,0.06,0.82,939.0,0.76,56.0,417.5,420.55,...
3750,2018-06-06 06:53:00,62,57,84,S,6,0,29.07,0.0,Cloudy,2018-06-06T06:29:52Z,75,50,418.52,0.06,0.78,943.0,0.75,56.0,417.13,420.34,...
3751,2018-06-06 07:53:00,62,57,84,S,3,0,29.08,0.0,Cloudy,2018-06-06T07:29:52Z,75,50,419.18,0.06,0.54,949.0,0.53,56.0,418.34,420.54,...
3752,2018-06-06 08:53:00,63,57,81,S,8,0,29.09,0.0,Cloudy,2018-06-06T08:32:52Z,75,50,419.09,0.06,0.35,495.0,0.29,29.0,418.63,419.58,...
3753,2018-06-06 09:53:00,64,57,78,S,10,0,29.09,0.0,Cloudy,2018-06-06T09:29:03Z,75,50,418.89,0.06,0.36,957.0,0.33,56.0,418.29,420.14,...
3754,2018-06-06 10:53:00,67,58,73,S,7,0,29.09,0.0,Cloudy,2018-06-06T10:29:30Z,75,50,419.56,0.06,0.65,960.0,0.52,56.0,418.87,421.59,...
3755,2018-06-06 11:53:00,70,58,65,,0,0,29.07,0.0,Fair,2018-06-06T11:29:30Z,75,50,420.3,0.06,0.61,958.0,0.59,56.0,419.32,421.68,...
3756,2018-06-06 12:53:00,73,58,59,VAR,6,0,29.05,0.0,Fair,2018-06-06T12:29:30Z,75,50,421.17,0.06,1.08,964.0,0.94,56.0,420.07,425.21,...
3757,2018-06-06 13:53:00,75,57,53,S,10,0,29.02,0.0,Fair,2018-06-06T13:29:30Z,75,50,422.87,0.07,1.67,964.0,1.51,56.0,421.09,428.11,...
3758,2018-06-06 14:53:00,73,56,55,S,12,0,29.02,0.0,Fair,2018-06-06T14:29:30Z,75,50,424.68,0.07,2.19,963.0,1.89,56.0,422.51,431.72,...
3759,2018-06-06 15:53:00,72,55,55,S,12,0,29.01,0.0,Fair,2018-06-06T15:29:30Z,75,50,424.94,0.07,1.26,966.0,1.24,56.0,423.25,427.92,...
3760,2018-06-06 16:53:00,70,55,59,S,13,0,29.01,0.0,Fair,2018-06-06T16:29:30Z,75,50,426.29,0.07,0.87,970.0,0.81,56.0,424.51,428.8,...
3761,2018-06-06 17:53:00,67,54,63,S,10,0,29.02,0.0,Fair,2018-06-06T17:37:50Z,75,50,425.22,0.06,0.77,467.0,0.74,27.0,424.12,426.55,...
3762,2018-06-06 18:53:00,64,55,72,S,7,0,29.03,0.0,Fair,2018-06-06T18:29:30Z,75,50,426.08,0.07,1.21,969.0,0.99,56.0,424.05,429.45,...
3763,2018-06-06 19:53:00,62,55,78,S,6,0,29.04,0.0,Fair,2018-06-06T19:29:30Z,75,50,424.18,0.07,1.01,964.0,0.98,56.0,422.47,426.01,...
3764,2018-06-06 20:53:00,61,55,81,S,6,0,29.05,0.0,Fair,2018-06-06T20:27:00Z,75,50,423.09,0.06,1.97,499.0,1.86,29.0,421.24,429.96,...
3765,2018-06-06 21:53:00,62,55,78,ESE,6,0,29.06,0.0,Fair,2018-06-06T21:29:30Z,75,50,421.58,0.06,1.66,961.0,1.37,56.0,419.0,425.93,...
3766,2018-06-06 22:53:00,60,55,83,SE,6,0,29.06,0.0,Fair,2018-06-06T22:29:30Z,75,50,421.62,0.06,3.35,959.0,2.78,56.0,418.26,430.6,...
3767,2018-06-06 23:53:00,59,55,87,SE,5,0,29.05,0.0,Fair,2018-06-06T23:29:30Z,75,50,423.08,0.07,2.08,901.0,1.55,54.0,421.22,428.93,...
3768,2018-06-07 00:53:00,58,55,90,E,5,0,29.05,0.0,Fair,2018-06-07T00:29:03Z,75,50,422.1,0.06,0.62,916.0,0.58,56.0,421.23,423.32,...
3769,2018-06-07 01:53:00,58,54,87,E,5,0,29.05,0.0,Fair,2018-06-07T01:29:03Z,75,50,423.65,0.07,1.24,923.0,1.21,56.0,422.0,426.41,...
3770,2018-06-07 02:53:00,58,54,87,E,3,0,29.05,0.0,Partly Cloudy,2018-06-07T02:31:16Z,75,50,425.15,0.06,0.57,456.0,0.5,28.0,424.34,426.19,...
3771,2018-06-07 03:53:00,57,54,89,E,3,0,29.06,0.0,Fair,2018-06-07T03:29:22Z,75,50,428.91,0.08,2.61,934.0,2.47,56.0,424.8,433.44,...
3772,2018-06-07 04:53:00,57,54,89,SE,6,0,29.08,0.0,Mostly Cloudy,2018-06-07T04:29:22Z,75,50,427.61,0.07,2.5,941.0,2.11,56.0,425.45,435.97,...
3773,2018-06-07 05:53:00,58,54,87,SE,7,0,29.09,0.0,Cloudy,2018-06-07T05:29:22Z,75,50,433.54,0.08,2.22,947.0,2.22,56.0,428.89,438.13,...
3774,2018-06-07 06:53:00,59,55,87,ESE,6,0,29.12,0.0,Cloudy,2018-06-07T06:29:30Z,75,50,437.91,0.1,1.5,953.0,1.47,56.0,435.4,442.51,...
3775,2018-06-07 07:53:00,59,56,90,VAR,5,0,29.13,0.0,Cloudy,2018-06-07T07:29:30Z,75,50,439.34,0.1,3.69,960.0,3.65,56.0,429.39,443.69,...
3776,2018-06-07 08:53:00,62,56,80,S,6,0,29.14,0.0,Cloudy,2018-06-07T08:29:30Z,75,50,426.21,0.07,1.69,963.0,1.69,56.0,424.19,429.46,...
3777,2018-06-07 09:53:00,64,56,75,CALM,0,0,29.13,0.0,Partly Cloudy,2018-06-07T09:29:30Z,75,50,423.82,0.07,1.22,967.0,1.2,56.0,421.39,425.68,...
3778,2018-06-07 10:53:00,69,56,63,VAR,3,0,29.12,0.0,Fair,2018-06-07T10:29:30Z,75,50,421.77,0.06,1.37,973.0,1.35,56.0,419.64,424.66,...
3779,2018-06-07 11:53:00,73,56,55,VAR,5,0,29.11,0.0,Fair,2018-06-07T11:36:30Z,75,50,420.4,0.06,0.92,487.0,0.84,28.0,419.07,422.06,...
3780,2018-06-07 12:53:00,76,53,45,SE,5,0,29.1,0.0,Fair,2018-06-07T12:29:30Z,75,50,421.0,0.06,1.66,977.0,1.4,56.0,418.87,425.34,...
3781,2018-06-07 13:53:00,77,56,48,SSE,9,0,29.09,0.0,Fair,2018-06-07T13:29:30Z,75,50,421.7,0.06,2.68,974.0,2.56,56.0,418.3,427.74,...
3782,2018-06-07 14:53:00,77,56,48,S,10,0,29.08,0.0,Fair,2018-06-07T14:26:30Z,75,50,420.13,0.06,1.72,502.0,1.71,29.0,418.52,424.97,...
3783,2018-06-07 15:53:00,76,55,48,S,10,0,29.07,0.0,Fair,2018-06-07T15:29:34Z,75,50,422.47,0.06,2.02,940.0,1.9,56.0,419.98,427.04,...
3784,2018-06-07 16:53:00,75,52,44,S,12,0,29.07,0.0,Fair,2018-06-07T16:29:18Z,75,50,423.08,0.07,1.73,915.0,1.63,54.0,420.32,426.16,...
3785,2018-06-07 17:53:00,73,50,44,S,10,0,29.07,0.0,Fair,2018-06-07T17:29:07Z,75,50,423.62,0.07,1.71,929.0,1.73,56.0,421.35,430.65,...
3786,2018-06-07 18:53:00,69,54,58,S,7,0,29.09,0.0,Fair,2018-06-07T18:29:07Z,75,50,427.02,0.07,2.16,927.0,1.96,56.0,423.35,433.11,...
3787,2018-06-07 19:53:00,68,54,61,SE,7,0,29.1,0.0,Fair,2018-06-07T19:29:07Z,75,50,424.71,0.07,2.29,931.0,2.1,56.0,421.54,433.69,...
3788,2018-06-07 20:53:00,66,55,68,SE,7,0,29.11,0.0,Fair,2018-06-07T20:30:53Z,75,50,421.2,0.06,3.93,458.0,3.56,28.0,418.33,433.17,...
3789,2018-06-07 21:53:00,64,55,72,SE,6,0,29.11,0.0,Fair,2018-06-07T21:29:26Z,75,50,419.81,0.06,2.16,932.0,1.98,56.0,417.85,428.13,...
3790,2018-06-07 22:53:00,63,54,72,E,3,0,29.1,0.0,Fair,2018-06-07T22:29:26Z,75,50,419.23,0.06,1.52,936.0,1.21,56.0,417.37,424.41,...
3791,2018-06-07 23:53:00,62,54,75,CALM,0,0,29.09,0.0,Fair,2018-06-07T23:28:59Z,75,50,419.28,0.06,1.03,939.0,0.97,56.0,416.91,422.38,...
3792,2018-06-08 00:53:00,62,54,75,ESE,5,0,29.08,0.0,Fair,2018-06-08T00:29:30Z,75,50,423.42,0.07,2.33,939.0,2.32,56.0,419.74,427.03,...
3793,2018-06-08 01:53:00,61,54,78,E,3,0,29.08,0.0,Fair,2018-06-08T01:29:30Z,75,50,429.47,0.08,1.28,946.0,1.26,56.0,426.54,432.24,...
3794,2018-06-08 02:53:00,60,52,75,CALM,0,0,29.08,0.0,Fair,2018-06-08T02:29:30Z,75,50,430.16,0.08,0.57,954.0,0.52,56.0,428.85,431.27,...
3795,2018-06-08 03:53:00,59,52,78,CALM,0,0,29.09,0.0,Fair,2018-06-08T03:29:30Z,75,50,432.21,0.08,1.95,960.0,1.95,56.0,429.05,436.2,...
3796,2018-06-08 04:53:00,59,51,75,CALM,0,0,29.09,0.0,Fair,2018-06-08T04:29:30Z,75,50,438.2,0.1,0.75,964.0,0.71,56.0,436.28,439.46,...
3797,2018-06-08 05:53:00,61,50,67,CALM,0,0,29.11,0.0,Fair,2018-06-08T05:36:00Z,75,50,440.39,0.09,2.43,487.0,2.3,28.0,436.96,444.71,...
3798,2018-06-08 06:53:00,64,51,63,CALM,0,0,29.11,0.0,Fair,2018-06-08T06:29:30Z,75,50,438.53,0.1,2.38,971.0,2.33,56.0,432.96,443.34,...
3799,2018-06-08 07:53:00,68,53,59,SE,5,0,29.12,0.0,Fair,2018-06-08T07:29:30Z,75,50,442.61,0.11,5.28,973.0,5.25,56.0,435.81,451.83,...
3800,2018-06-08 08:53:00,73,53,49,ESE,3,0,29.11,0.0,Fair,2018-06-08T08:26:00Z,75,50,450.59,0.1,4.08,485.0,4.12,28.0,442.96,457.11,...
3801,2018-06-08 09:53:00,77,53,43,VAR,5,0,29.1,0.0,Fair,2018-06-08T09:29:37Z,75,50,457.15,0.13,3.77,915.0,3.65,55.0,448.75,464.49,...
3802,2018-06-08 10:53:00,80,53,39,VAR,3,0,29.09,0.0,Fair,2018-06-08T10:29:11Z,75,50,463.9,0.15,3.38,926.0,3.2,56.0,454.32,471.12,...
3803,2018-06-08 11:53:00,82,52,35,SE,6,0,29.08,0.0,Fair,2018-06-08T11:29:11Z,75,50,463.34,0.14,3.06,937.0,2.84,56.0,457.12,467.74,...
3804,2018-06-08 12:53:00,85,49,29,SSE,6,0,29.06,0.0,Fair,2018-06-08T12:29:11Z,75,50,470.22,0.16,9.1,937.0,8.92,56.0,462.19,502.32,...
3805,2018-06-08 13:53:00,85,50,30,S,9,0,29.05,0.0,Fair,2018-06-08T13:29:11Z,75,50,468.24,0.15,3.79,942.0,3.54,56.0,460.16,475.84,...
3806,2018-06-08 14:53:00,85,46,26,S,10,0,29.05,0.0,Fair,2018-06-08T14:30:29Z,75,50,463.95,0.12,3.13,469.0,3.05,28.0,459.69,468.33,...
3807,2018-06-08 15:53:00,83,49,31,SSE,12,0,29.04,0.0,Fair,2018-06-08T15:29:07Z,75,50,464.86,0.15,6.83,954.0,6.84,56.0,454.26,474.12,...
3808,2018-06-08 16:53:00,80,50,35,S,10,0,29.04,0.0,Fair,2018-06-08T16:29:30Z,75,50,448.62,0.12,3.4,959.0,3.38,56.0,444.14,453.87,...
3809,2018-06-08 17:53:00,79,51,38,S,9,0,29.04,0.0,Fair,2018-06-08T17:29:30Z,75,50,444.91,0.11,4.94,956.0,4.82,56.0,435.72,463.61,...
3810,2018-06-08 18:53:00,76,54,46,ESE,8,0,29.04,0.0,Fair,2018-06-08T18:29:30Z,75,50,435.31,0.09,3.15,955.0,2.67,56.0,430.62,441.58,...
3811,2018-06-08 19:53:00,72,55,55,SE,9,0,29.05,0.0,Fair,2018-06-08T19:29:30Z,75,50,430.53,0.08,2.93,953.0,2.7,56.0,426.71,439.92,...
3812,2018-06-08 20:53:00,71,56,59,ESE,12,0,29.07,0.0,Fair,2018-06-08T20:29:30Z,75,50,431.54,0.08,3.39,956.0,2.93,56.0,428.1,440.89,...
3813,2018-06-08 21:53:00,70,56,61,E,6,0,29.08,0.0,Fair,2018-06-08T21:29:30Z,75,50,441.12,0.1,5.19,961.0,5.06,56.0,431.66,448.27,...
3814,2018-06-08 22:53:00,69,55,61,ESE,5,0,29.08,0.0,Fair,2018-06-08T22:29:30Z,75,50,438.04,0.1,3.25,964.0,2.95,56.0,435.41,451.56,...
3815,2018-06-08 23:53:00,68,55,63,ESE,5,0,29.07,0.0,Fair,2018-06-08T23:35:41Z,75,50,432.98,0.07,2.64,463.0,2.64,27.0,428.04,436.83,...
3816,2018-06-09 00:53:00,67,55,66,E,5,0,29.07,0.0,Fair,2018-06-09T00:29:30Z,75,50,426.17,0.07,0.8,963.0,0.77,56.0,424.65,427.76,...
3817,2018-06-09 01:53:00,65,55,70,E,3,0,29.06,0.0,Fair,2018-06-09T01:29:30Z,75,50,429.28,0.08,1.43,959.0,1.41,56.0,425.98,431.52,...
3818,2018-06-09 02:53:00,64,56,75,CALM,0,0,29.06,0.0,Fair,2018-06-09T02:25:00Z,75,50,428.96,0.07,1.3,498.0,1.25,29.0,426.05,431.54,...
3819,2018-06-09 03:53:00,63,55,75,CALM,0,0,29.07,0.0,Fair,2018-06-09T03:29:30Z,75,50,428.05,0.08,1.85,958.0,1.82,56.0,424.26,431.36,...
3820,2018-06-09 04:53:00,62,56,80,E,3,0,29.07,0.0,Fair,2018-06-09T04:29:30Z,75,50,433.55,0.09,2.06,959.0,2.04,56.0,430.27,437.36,...
3821,2018-06-09 05:53:00,63,56,78,CALM,0,0,29.09,0.0,Fair,2018-06-09T05:29:49Z,75,50,437.28,0.09,1.13,966.0,1.07,57.0,433.95,438.86,...
3822,2018-06-09 06:53:00,65,58,78,SSE,3,0,29.11,0.0,Fair,2018-06-09T06:29:53Z,75,50,434.71,0.09,2.41,925.0,2.39,55.0,431.03,438.97,...
3823,2018-06-09 07:53:00,69,56,63,SSE,6,0,29.11,0.0,Fair,2018-06-09T07:29:18Z,75,50,427.14,0.07,2.81,926.0,2.81,56.0,423.31,432.03,...
3824,2018-06-09 08:53:00,73,54,51,E,6,0,29.11,0.0,Fair,2018-06-09T08:29:41Z,75,50,427.56,0.07,2.06,456.0,2.1,28.0,423.8,430.54,...
3825,2018-06-09 09:53:00,76,58,54,E,5,0,29.11,0.0,Fair,2018-06-09T09:29:37Z,75,50,431.89,0.08,4.71,938.0,4.68,56.0,427.24,450.23,...
3826,2018-06-09 10:53:00,79,56,45,SSE,5,0,29.1,0.0,Fair,2018-06-09T10:29:37Z,75,50,450.86,0.12,2.53,938.0,2.34,56.0,445.32,454.76,...
3827,2018-06-09 11:53:00,82,57,42,S,9,0,29.08,0.0,Fair,2018-06-09T11:29:37Z,75,50,452.42,0.12,2.72,941.0,2.54,56.0,447.6,459.47,...
3828,2018-06-09 12:53:00,83,55,38,S,12,0,29.07,0.0,Fair,2018-06-09T12:29:09Z,75,50,457.17,0.14,5.25,943.0,5.19,56.0,446.7,468.32,...
3829,2018-06-09 13:53:00,82,52,35,S,12,0,29.06,0.0,Fair,2018-06-09T13:29:30Z,75,50,458.16,0.14,1.8,948.0,1.69,56.0,454.97,463.26,...
3830,2018-06-09 14:53:00,82,50,33,SSE,10,0,29.04,0.0,Fair,2018-06-09T14:29:30Z,75,50,453.39,0.13,2.64,953.0,2.54,56.0,450.77,459.65,...
3831,2018-06-09 15:53:00,81,52,36,SSE,12,0,29.03,0.0,Fair,2018-06-09T15:29:30Z,75,50,451.58,0.12,1.54,958.0,1.47,56.0,449.12,455.22,...
3832,2018-06-09 16:53:00,79,53,40,S,9,0,29.01,0.0,Fair,2018-06-09T16:29:30Z,75,50,443.44,0.11,6.82,961.0,6.79,56.0,432.3,452.48,...
3833,2018-06-09 17:53:00,78,53,42,ESE,10,0,29.0,0.0,Fair,2018-06-09T17:34:30Z,75,50,424.52,0.06,4.59,500.0,4.57,29.0,418.87,432.88,...
3834,2018-06-09 18:53:00,72,57,59,ESE,12,0,29.01,0.0,Fair,2018-06-09T18:29:30Z,75,50,420.67,0.06,2.03,959.0,1.57,56.0,418.94,427.5,...
3835,2018-06-09 19:53:00,69,56,63,ESE,8,0,29.02,0.0,Fair,2018-06-09T19:29:30Z,75,50,420.89,0.06,3.09,958.0,2.69,56.0,417.09,430.05,...
3836,2018-06-09 20:53:00,67,54,63,ESE,9,0,29.03,0.0,Fair,2018-06-09T20:25:01Z,75,50,417.22,0.06,2.72,631.0,2.26,37.0,415.42,426.23,...
3837,2018-06-09 21:53:00,67,54,63,ESE,6,0,29.04,0.0,Fair,2018-06-09T21:29:55Z,75,50,417.07,0.06,2.69,938.0,2.41,56.0,414.9,427.66,...
3838,2018-06-09 22:53:00,66,53,63,E,7,0,29.04,0.0,Partly Cloudy,2018-06-09T22:29:22Z,75,50,418.23,0.06,3.11,916.0,2.93,56.0,415.08,425.58,...
3839,2018-06-09 23:53:00,65,53,65,ESE,7,0,29.04,0.0,Fair,2018-06-09T23:29:22Z,75,50,422.87,0.06,2.4,917.0,2.25,56.0,419.22,428.78,...
3840,2018-06-10 00:53:00,65,53,65,E,3,0,29.04,0.0,Fair,2018-06-10T00:29:22Z,75,50,418.75,0.06,1.0,926.0,0.82,56.0,417.5,422.66,...
3841,2018-06-10 01:53:00,65,53,65,CALM,0,0,29.03,0.0,Fair,2018-06-10T01:29:22Z,75,50,423.32,0.07,1.96,931.0,1.97,56.0,419.69,426.0,...
3842,2018-06-10 02:53:00,63,54,72,ESE,3,0,29.03,0.0,Fair,2018-06-10T02:29:18Z,75,50,425.39,0.06,0.45,462.0,0.38,28.0,424.49,426.16,...
3843,2018-06-10 03:53:00,62,54,75,SSE,3,0,29.04,0.0,Fair,2018-06-10T03:29:10Z,75,50,425.84,0.07,1.27,941.0,1.24,56.0,423.46,428.28,...
3844,2018-06-10 04:53:00,61,54,78,ESE,8,0,29.05,0.0,Partly Cloudy,2018-06-10T04:29:30Z,75,50,426.0,0.07,0.85,944.0,0.83,56.0,424.4,427.47,...
3845,2018-06-10 05:53:00,62,55,78,E,3,0,29.06,0.0,Fair,2018-06-10T05:29:30Z,75,50,425.84,0.07,0.8,948.0,0.76,56.0,424.44,427.32,...
3846,2018-06-10 06:53:00,63,55,75,ESE,3,0,29.07,0.0,Partly Cloudy,2018-06-10T06:29:30Z,75,50,426.3,0.07,1.6,950.0,1.59,56.0,422.63,428.57,...
3847,2018-06-10 07:53:00,67,54,63,SE,8,0,29.07,0.0,Fair,2018-06-10T07:29:30Z,75,50,428.61,0.08,1.56,956.0,1.51,56.0,423.59,430.71,...
3848,2018-06-10 08:53:00,71,53,53,SE,8,0,29.06,0.0,Fair,2018-06-10T08:29:30Z,75,50,426.8,0.07,1.3,961.0,1.26,56.0,424.8,429.45,...
3849,2018-06-10 09:53:00,75,51,43,SE,10,0,29.05,0.0,Fair,2018-06-10T09:29:30Z,75,50,426.71,0.07,1.33,961.0,1.17,56.0,424.76,429.11,...
3850,2018-06-10 10:53:00,78,53,42,S,13,0,29.05,0.0,Fair,2018-06-10T10:29:30Z,75,50,430.0,0.08,3.33,963.0,3.32,56.0,424.77,435.32,...
3851,2018-06-10 11:53:00,78,56,46,S,9,0,29.03,0.0,Fair,2018-06-10T11:34:04Z,75,50,431.82,0.07,1.68,483.0,1.61,28.0,429.84,434.66,...
3852,2018-06-10 12:53:00,79,57,47,S,10,0,29.02,0.0,Fair,2018-06-10T12:29:30Z,75,50,429.19,0.08,3.5,962.0,3.46,56.0,424.52,436.18,...
3853,2018-06-10 13:53:00,80,55,42,S,12,0,29.01,0.0,Fair,2018-06-10T13:29:30Z,75,50,423.31,0.07,0.86,963.0,0.83,56.0,421.62,425.87,...
3854,2018-06-10 14:53:00,80,54,40,S,8,0,28.99,0.0,Fair,2018-06-10T14:23:30Z,75,50,422.91,0.06,0.43,516.0,0.37,30.0,421.99,423.67,...
3855,2018-06-10 15:53:00,79,53,40,S,8,0,28.98,0.0,Fair,2018-06-10T15:29:30Z,75,50,421.53,0.06,1.23,927.0,1.05,54.0,420.43,425.85,...
3856,2018-06-10 16:53:00,78,52,40,S,10,0,28.98,0.0,Fair,2018-06-10T16:29:37Z,75,50,422.49,0.07,1.68,963.0,1.63,57.0,420.68,432.19,...
3857,2018-06-10 17:53:00,77,52,42,S,10,20,28.98,0.0,Fair,2018-06-10T17:29:22Z,75,50,422.86,0.06,0.99,905.0,1.03,55.0,421.45,427.14,...
3858,2018-06-10 18:53:00,74,51,45,S,6,0,28.98,0.0,Fair,2018-06-10T18:29:30Z,75,50,421.81,0.06,1.98,913.0,1.79,56.0,419.15,428.15,...
3859,2018-06-10 19:53:00,72,53,51,SE,7,0,28.98,0.0,Partly Cloudy,2018-06-10T19:29:30Z,75,50,420.38,0.06,1.49,916.0,1.43,56.0,418.27,424.35,...
3860,2018-06-10 20:53:00,70,53,55,SE,7,0,29.0,0.0,Fair,2018-06-10T20:28:30Z,75,50,418.83,0.05,2.02,454.0,1.47,28.0,417.69,423.95,...
3861,2018-06-10 21:53:00,70,53,55,ESE,3,0,29.0,0.0,Fair,2018-06-10T21:29:48Z,75,50,417.93,0.06,2.38,925.0,2.04,56.0,415.88,425.6,...
3862,2018-06-10 22:53:00,70,53,55,ESE,3,0,29.0,0.0,Fair,2018-06-10T22:29:48Z,75,50,417.97,0.06,3.5,926.0,2.88,56.0,415.68,429.53,...
3863,2018-06-10 23:53:00,69,52,54,NE,3,0,28.99,0.0,Fair,2018-06-10T23:29:10Z,75,50,419.61,0.06,2.4,928.0,2.19,56.0,416.48,426.81,...
3864,2018-06-11 00:53:00,67,52,59,E,5,0,28.99,0.0,Fair,2018-06-11T00:29:30Z,75,50,422.12,0.07,0.6,933.0,0.56,56.0,421.02,423.69,...
3865,2018-06-11 01:53:00,65,53,65,E,5,0,28.99,0.0,Fair,2018-06-11T01:29:30Z,75,50,423.73,0.07,0.95,934.0,0.95,56.0,422.03,425.25,...
3866,2018-06-11 02:53:00,64,55,72,ESE,3,0,28.98,0.0,Fair,2018-06-11T02:29:30Z,75,50,426.25,0.07,0.58,938.0,0.56,56.0,424.97,427.4,...
3867,2018-06-11 03:53:00,63,55,75,CALM,0,0,28.98,0.0,Fair,2018-06-11T03:29:30Z,75,50,427.61,0.08,0.76,941.0,0.67,56.0,426.22,429.06,...
3868,2018-06-11 04:53:00,62,49,62,CALM,0,0,28.98,0.0,Fair,2018-06-11T04:29:30Z,75,50,430.75,0.08,1.78,946.0,1.78,56.0,427.2,433.31,...
3869,2018-06-11 05:53:00,65,53,65,CALM,0,0,29.0,0.0,Fair,2018-06-11T05:33:00Z,75,50,432.67,0.08,0.81,492.0,0.75,29.0,430.82,433.93,...
3870,2018-06-11 06:53:00,67,52,59,CALM,0,0,29.0,0.0,Fair,2018-06-11T06:29:30Z,75,50,436.92,0.09,2.2,951.0,2.19,56.0,431.46,439.69,...
3871,2018-06-11 07:53:00,72,51,48,CALM,0,0,29.0,0.0,Fair,2018-06-11T07:29:30Z,75,50,433.78,0.09,2.76,950.0,2.74,56.0,430.87,441.32,...
3872,2018-06-11 08:53:00,76,51,42,SE,3,0,29.0,0.0,Fair,2018-06-11T08:23:00Z,75,50,433.51,0.08,1.29,527.0,1.18,31.0,431.19,436.04,...
3873,2018-06-11 09:53:00,78,56,46,VAR,6,0,28.99,0.0,Fair,2018-06-11T09:29:40Z,75,50,443.84,0.1,8.05,853.0,8.0,52.0,430.73,459.2,...
3874,2018-06-11 10:53:00,82,56,41,S,9,0,28.98,0.0,Fair,2018-06-11T10:29:33Z,75,50,457.08,0.13,5.53,907.0,5.36,56.0,442.07,465.7,...
3875,2018-06-11 11:53:00,82,58,44,S,13,17,28.98,0.0,Fair,2018-06-11T11:29:33Z,75,50,468.37,0.16,5.82,900.0,5.81,56.0,455.47,477.77,...
3876,2018-06-11 12:53:00,84,55,37,SSW,8,0,28.97,0.0,Fair,2018-06-11T12:29:33Z,75,50,475.46,0.17,4.16,901.0,4.05,56.0,465.14,481.53,...
3877,2018-06-11 13:53:00,86,52,31,S,10,0,28.96,0.0,Fair,2018-06-11T13:29:33Z,75,50,461.89,0.14,10.72,918.0,10.37,56.0,441.11,475.46,...
3878,2018-06-11 14:53:00,87,52,30,SSE,9,0,28.94,0.0,Fair,2018-06-11T14:27:01Z,75,50,438.17,0.08,6.3,462.0,6.17,28.0,431.05,456.24,...
3879,2018-06-11 15:53:00,85,50,30,S,10,0,28.93,0.0,Fair,2018-06-11T15:29:30Z,75,50,439.43,0.1,1.74,944.0,1.55,56.0,435.55,443.38,...
3880,2018-06-11 16:53:00,83,47,28,S,9,0,28.93,0.0,Fair,2018-06-11T16:29:30Z,75,50,439.22,0.1,1.3,940.0,1.21,56.0,437.75,443.92,...
3881,2018-06-11 17:53:00,80,49,34,SSE,8,0,28.93,0.0,Fair,2018-06-11T17:29:30Z,75,50,437.4,0.09,1.91,939.0,1.72,56.0,435.67,443.87,...
3882,2018-06-11 18:53:00,74,52,46,S,8,0,28.94,0.0,Fair,2018-06-11T18:29:30Z,75,50,432.35,0.08,4.3,944.0,4.2,56.0,425.81,440.81,...
3883,2018-06-11 19:53:00,74,53,48,E,9,0,28.95,0.0,Fair,2018-06-11T19:29:30Z,75,50,424.33,0.07,3.18,949.0,2.64,56.0,420.72,433.43,...
3884,2018-06-11 20:53:00,71,56,59,ESE,8,0,28.97,0.0,Fair,2018-06-11T20:29:30Z,75,50,422.99,0.07,1.47,952.0,1.11,56.0,420.78,426.5,...
3885,2018-06-11 21:53:00,69,54,58,SE,8,0,28.98,0.0,Fair,2018-06-11T21:29:30Z,75,50,423.87,0.07,2.4,950.0,2.01,56.0,421.35,434.2,...
3886,2018-06-11 22:53:00,67,54,63,ESE,7,0,28.98,0.0,Fair,2018-06-11T22:29:30Z,75,50,426.45,0.07,3.46,947.0,2.94,56.0,422.55,437.87,...
3887,2018-06-11 23:53:00,67,54,63,ESE,7,0,28.98,0.0,Fair,2018-06-11T23:32:27Z,75,50,429.53,0.07,0.72,472.0,0.67,28.0,428.47,430.81,...
3888,2018-06-12 00:53:00,65,54,68,E,3,0,28.98,0.0,Fair,2018-06-12T00:29:30Z,75,50,427.52,0.08,2.88,944.0,2.57,56.0,425.76,439.8,...
3889,2018-06-12 01:53:00,65,54,68,CALM,0,0,28.98,0.0,Fair,2018-06-12T01:29:30Z,75,50,427.27,0.07,0.82,945.0,0.77,56.0,426.01,429.53,...
3890,2018-06-12 02:53:00,65,54,68,E,3,0,28.98,0.0,Fair,2018-06-12T02:22:00Z,75,50,428.32,0.07,0.85,556.0,0.77,33.0,426.96,429.91,...
3891,2018-06-12 03:53:00,64,54,70,CALM,0,0,28.98,0.0,Fair,2018-06-12T03:29:30Z,75,50,429.09,0.08,1.16,865.0,1.09,51.0,426.83,432.15,...
3892,2018-06-12 04:53:00,64,53,67,CALM,0,0,28.98,0.0,Fair,2018-06-12T04:29:30Z,75,50,432.8,0.09,1.07,952.0,1.04,56.0,430.2,434.73,...
3893,2018-06-12 05:53:00,65,54,68,CALM,0,0,28.99,0.0,Fair,2018-06-12T05:29:50Z,75,50,435.51,0.09,1.14,913.0,1.11,55.0,433.0,437.22,...
3894,2018-06-12 06:53:00,67,55,66,SSE,6,0,29.02,0.0,Fair,2018-06-12T06:29:41Z,75,50,434.18,0.09,0.91,914.0,0.85,56.0,432.31,436.04,...
3895,2018-06-12 07:53:00,70,56,61,S,5,0,29.03,0.0,Fair,2018-06-12T07:29:41Z,75,50,429.8,0.08,1.36,915.0,1.33,56.0,427.7,432.92,...
3896,2018-06-12 08:53:00,74,57,55,SSE,5,0,29.03,0.0,Fair,2018-06-12T08:26:32Z,75,50,428.84,0.07,2.7,476.0,2.67,29.0,426.87,436.39,...
3897,2018-06-12 09:53:00,78,56,46,VAR,3,0,29.02,0.0,Fair,2018-06-12T09:29:03Z,75,50,431.64,0.08,1.13,919.0,1.06,56.0,429.64,435.69,...
3898,2018-06-12 10:53:00,84,57,40,E,7,0,29.01,0.0,Fair,2018-06-12T10:29:03Z,75,50,432.84,0.08,2.39,922.0,2.29,56.0,428.14,439.07,...
3899,2018-06-12 11:53:00,86,56,36,S,8,0,28.99,0.0,Fair,2018-06-12T11:29:03Z,75,50,457.92,0.13,9.03,911.0,9.11,56.0,439.49,468.82,...
3900,2018-06-12 12:53:00,86,59,40,SSE,9,0,28.98,0.0,Fair,2018-06-12T12:28:47Z,75,50,468.82,0.16,8.19,902.0,8.12,56.0,454.22,482.39,...
3901,2018-06-12 13:53:00,88,58,36,SSE,10,0,28.97,0.0,Fair,2018-06-12T13:29:30Z,75,50,472.62,0.17,5.65,915.0,5.65,56.0,463.11,485.56,...
3902,2018-06-12 14:53:00,86,55,35,S,13,0,28.97,0.0,Fair,2018-06-12T14:29:30Z,75,50,457.46,0.14,6.25,926.0,6.26,56.0,446.18,467.97,...
3903,2018-06-12 15:53:00,86,51,30,S,12,22,28.96,0.0,Fair,2018-06-12T15:29:30Z,75,50,445.54,0.11,2.2,931.0,2.1,56.0,440.14,449.04,...
3904,2018-06-12 16:53:00,82,50,33,S,10,0,28.96,0.0,Fair,2018-06-12T16:29:30Z,75,50,449.28,0.12,2.24,936.0,2.16,56.0,445.11,454.35,...
3905,2018-06-12 17:53:00,78,57,48,SSE,9,0,28.96,0.0,Fair,2018-06-12T17:31:30Z,75,50,440.08,0.09,4.23,471.0,4.24,28.0,434.36,447.14,...
3906,2018-06-12 18:53:00,77,57,50,SE,7,0,28.97,0.0,Fair,2018-06-12T18:29:30Z,75,50,431.37,0.08,2.77,946.0,2.56,56.0,427.44,437.12,...
3907,2018-06-12 19:53:00,73,60,64,SE,8,0,28.98,0.0,Fair,2018-06-12T19:29:30Z,75,50,426.18,0.07,3.01,946.0,2.77,56.0,423.05,434.21,...
3908,2018-06-12 20:53:00,70,61,73,ESE,9,0,28.98,0.0,Fair,2018-06-12T20:21:28Z,75,50,424.64,0.07,3.62,585.0,3.11,36.0,421.47,433.57,...
3909,2018-06-12 21:53:00,69,61,75,ESE,7,0,29.0,0.0,Fair,2018-06-12T21:29:45Z,75,50,422.05,0.06,2.6,780.0,2.24,49.0,420.11,434.87,...
3910,2018-06-12 22:53:00,68,61,78,SE,6,0,29.0,0.0,Fair,2018-06-12T22:29:45Z,75,50,424.55,0.07,3.41,904.0,2.71,56.0,421.5,434.1,...
3911,2018-06-12 23:53:00,66,61,84,SSE,6,0,28.99,0.0,Fair,2018-06-12T23:29:45Z,75,50,423.0,0.07,1.8,906.0,1.42,56.0,421.62,429.06,...
3912,2018-06-13 00:53:00,65,61,87,SE,5,0,28.98,0.0,Fair,2018-06-13T00:29:45Z,75,50,424.05,0.07,2.09,912.0,1.76,56.0,422.08,429.41,...
3913,2018-06-13 01:53:00,64,61,90,SSE,3,0,28.97,0.0,Fair,2018-06-13T01:29:45Z,75,50,425.27,0.07,1.95,917.0,1.49,56.0,423.34,430.98,...
3914,2018-06-13 02:53:00,63,61,93,SE,3,0,28.98,0.0,Fair,2018-06-13T02:26:07Z,75,50,425.79,0.06,0.57,478.0,0.45,29.0,424.91,426.77,...
3915,2018-06-13 03:53:00,63,60,90,E,6,0,28.98,0.0,Fair,2018-06-13T03:29:30Z,75,50,427.41,0.07,0.82,920.0,0.78,56.0,425.38,428.9,...
3916,2018-06-13 04:53:00,62,60,93,CALM,0,0,28.99,0.0,Fair,2018-06-13T04:29:30Z,75,50,429.35,0.08,1.52,926.0,1.5,56.0,426.48,432.02,...
3917,2018-06-13 05:53:00,64,60,87,CALM,0,0,29.0,0.0,Fair,2018-06-13T05:29:30Z,75,50,429.81,0.08,0.99,931.0,0.94,56.0,427.96,431.96,...
3918,2018-06-13 06:53:00,66,58,75,SE,3,0,29.01,0.0,Fair,2018-06-13T06:29:30Z,75,50,427.37,0.07,1.08,939.0,1.05,56.0,426.09,430.62,...
3919,2018-06-13 07:53:00,69,59,70,SE,5,0,29.01,0.0,Fair,2018-06-13T07:29:30Z,75,50,424.96,0.07,0.89,943.0,0.82,56.0,423.63,426.79,...
3920,2018-06-13 08:53:00,74,58,57,VAR,3,0,29.0,0.0,Fair,2018-06-13T08:29:30Z,75,50,424.41,0.07,0.7,949.0,0.66,56.0,423.26,426.27,...
3921,2018-06-13 09:53:00,78,59,52,SE,6,0,29.0,0.0,Fair,2018-06-13T09:29:30Z,75,50,424.58,0.07,1.02,950.0,0.95,56.0,422.32,426.72,...
3922,2018-06-13 10:53:00,82,59,45,ESE,7,0,29.01,0.0,Fair,2018-06-13T10:29:30Z,75,50,428.31,0.08,1.16,951.0,1.09,56.0,425.77,430.33,...
3923,2018-06-13 11:53:00,86,58,38,S,8,18,29.01,0.0,Fair,2018-06-13T11:30:50Z,75,50,429.44,0.07,0.8,459.0,0.78,27.0,428.21,430.96,...
3924,2018-06-13 12:53:00,88,54,31,S,10,0,28.99,0.0,Fair,2018-06-13T12:29:30Z,75,50,432.66,0.09,2.27,949.0,2.28,56.0,429.12,436.56,...
3925,2018-06-13 13:53:00,88,51,28,S,13,0,28.98,0.0,Fair,2018-06-13T13:29:30Z,75,50,439.31,0.1,2.89,946.0,2.88,56.0,434.76,446.04,...
3926,2018-06-13 14:53:00,87,48,26,S,12,0,28.98,0.0,Fair,2018-06-13T14:20:30Z,75,50,441.76,0.1,0.96,608.0,0.95,36.0,440.38,443.29,...
3927,2018-06-13 15:53:00,88,47,24,S,9,22,28.97,0.0,Fair,2018-06-13T15:29:30Z,75,50,445.5,0.1,2.06,809.0,1.92,48.0,443.04,450.94,...
3928,2018-06-13 16:53:00,83,51,33,S,9,0,28.96,0.0,Fair,2018-06-13T16:29:30Z,75,50,445.02,0.11,2.11,890.0,1.81,53.0,443.04,450.96,...
3929,2018-06-13 17:53:00,81,51,35,SSE,9,0,28.96,0.0,Fair,2018-06-13T17:29:52Z,75,50,445.01,0.11,2.54,894.0,2.31,56.0,441.91,453.44,...
3930,2018-06-13 18:53:00,79,55,44,ESE,9,0,28.97,0.0,Fair,2018-06-13T18:29:52Z,75,50,447.31,0.11,3.73,895.0,3.56,56.0,441.86,457.97,...
3931,2018-06-13 19:53:00,74,58,57,ESE,8,0,28.97,0.0,Fair,2018-06-13T19:29:52Z,75,50,441.27,0.1,1.33,898.0,1.29,56.0,438.11,445.83,...
3932,2018-06-13 20:53:00,71,60,68,VAR,7,0,28.98,0.0,Fair,2018-06-13T20:25:15Z,75,50,436.58,0.08,3.74,468.0,3.5,29.0,432.45,445.43,...
3933,2018-06-13 21:53:00,69,60,73,ESE,6,0,28.99,0.0,Fair,2018-06-13T21:28:57Z,75,50,435.33,0.09,5.48,908.0,5.38,56.0,428.52,449.07,...
3934,2018-06-13 22:53:00,67,60,79,E,7,0,28.99,0.0,Fair,2018-06-13T22:29:18Z,75,50,439.21,0.1,4.0,913.0,3.55,56.0,435.11,454.09,...
3935,2018-06-13 23:53:00,65,60,84,ESE,9,0,28.99,0.0,Fair,2018-06-13T23:29:30Z,75,50,434.01,0.09,2.28,915.0,2.07,56.0,431.6,443.41,...
3936,2018-06-14 00:53:00,63,61,93,ESE,8,0,28.99,0.0,Fair,2018-06-14T00:29:30Z,75,50,431.12,0.08,0.59,918.0,0.55,56.0,429.94,432.46,...
3937,2018-06-14 01:53:00,62,61,96,ESE,5,0,28.98,0.0,Fair,2018-06-14T01:29:30Z,75,50,430.73,0.08,0.53,922.0,0.48,56.0,430.02,432.17,...
3938,2018-06-14 02:53:00,62,60,93,ENE,3,0,28.98,0.0,Fair,2018-06-14T02:29:30Z,75,50,430.29,0.08,1.23,925.0,1.21,56.0,427.81,432.35,...
3939,2018-06-14 03:53:00,63,58,84,SSE,5,0,28.98,0.0,Fair,2018-06-14T03:29:30Z,75,50,427.87,0.08,1.49,926.0,1.47,56.0,424.72,430.86,...
3940,2018-06-14 04:53:00,61,59,93,E,5,0,28.98,0.0,Fair,2018-06-14T04:29:30Z,75,50,427.5,0.08,1.65,928.0,1.58,56.0,424.74,430.96,...
3941,2018-06-14 05:53:00,61,60,97,CALM,0,0,28.99,0.0,Fair,2018-06-14T05:29:46Z,75,50,430.67,0.07,2.06,449.0,2.03,27.0,426.89,434.46,...
3942,2018-06-14 06:53:00,65,59,81,W,3,0,28.99,0.0,Fair,2018-06-14T06:29:30Z,75,50,425.92,0.07,2.21,934.0,2.22,56.0,422.55,431.93,...
3943,2018-06-14 07:53:00,69,58,68,SE,6,0,29.0,0.0,Fair,2018-06-14T07:29:30Z,75,50,424.16,0.07,1.3,939.0,1.28,56.0,421.51,426.59,...
3944,2018-06-14 08:53:00,71,60,68,SE,13,21,29.03,0.0,Fair,2018-06-14T08:19:30Z,75,50,422.09,0.07,0.75,636.0,0.74,38.0,420.88,423.54,...
3945,2018-06-14 09:53:00,76,60,58,SE,9,0,29.04,0.0,Fair,2018-06-14T09:29:30Z,75,50,422.42,0.06,3.24,789.0,3.08,47.0,420.55,439.88,...
3946,2018-06-14 10:53:00,78,59,52,SSE,8,0,29.04,0.0,Partly Cloudy,2018-06-14T10:29:30Z,75,50,423.33,0.07,1.4,940.0,1.33,56.0,420.96,426.76,...
3947,2018-06-14 11:53:00,81,56,42,S,8,0,29.03,0.0,Fair,2018-06-14T11:29:30Z,75,50,427.05,0.07,1.99,941.0,1.69,56.0,424.77,436.77,...
3948,2018-06-14 12:53:00,85,52,32,CALM,0,0,29.0,0.0,Fair,2018-06-14T12:29:30Z,75,50,433.87,0.09,7.95,939.0,8.01,56.0,427.62,449.47,...
3949,2018-06-14 13:53:00,88,51,28,CALM,0,0,28.98,0.0,Fair,2018-06-14T13:29:02Z,75,50,451.1,0.12,3.5,886.0,3.44,55.0,441.73,456.31,...
3950,2018-06-14 14:53:00,91,46,21,S,6,0,28.93,0.0,Fair,2018-06-14T14:23:50Z,75,50,438.47,0.08,1.92,454.0,1.83,29.0,435.98,442.03,...
3951,2018-06-14 15:53:00,92,45,20,S,9,0,28.92,0.0,Fair,2018-06-14T15:29:22Z,75,50,440.73,0.1,1.36,884.0,1.35,55.0,437.86,443.24,...
3952,2018-06-14 16:53:00,90,43,19,S,9,0,28.9,0.0,Fair,2018-06-14T16:29:22Z,75,50,440.77,0.1,1.54,901.0,1.51,56.0,437.34,443.95,...
3953,2018-06-14 17:53:00,76,55,48,S,12,0,28.92,0.0,Partly Cloudy,2018-06-14T17:29:22Z,75,50,432.19,0.08,4.11,903.0,4.0,56.0,426.1,441.29,...
3954,2018-06-14 18:53:00,71,55,57,ESE,14,24,28.97,0.0,Fair,2018-06-14T18:29:22Z,75,50,427.86,0.07,3.6,906.0,3.19,56.0,425.08,440.76,...
3955,2018-06-14 19:53:00,69,58,68,SE,8,0,28.97,0.0,Partly Cloudy,2018-06-14T19:28:57Z,75,50,425.69,0.07,2.26,905.0,2.09,56.0,423.05,432.48,...
3956,2018-06-14 20:53:00,69,58,68,SE,7,0,28.98,0.0,Fair,2018-06-14T20:29:30Z,75,50,423.72,0.07,2.95,906.0,2.39,56.0,420.29,429.83,...
3957,2018-06-14 21:53:00,68,59,73,ESE,8,0,28.98,0.0,Partly Cloudy,2018-06-14T21:29:30Z,75,50,422.23,0.07,2.54,910.0,2.24,56.0,418.9,428.83,...
3958,2018-06-14 22:53:00,67,59,76,SSE,6,0,28.98,0.0,Fair,2018-06-14T22:29:30Z,75,50,422.52,0.07,6.49,903.0,5.8,56.0,414.43,443.01,...
3959,2018-06-14 23:53:00,65,60,84,SE,9,0,28.98,0.0,Partly Cloudy,2018-06-14T23:29:00Z,75,50,429.98,0.07,5.67,448.0,5.52,28.0,424.63,439.12,...
3960,2018-06-15 00:53:00,65,60,84,SE,3,0,28.97,0.0,Fair,2018-06-15T00:29:30Z,75,50,436.44,0.09,4.28,908.0,4.3,56.0,430.88,442.91,...
3961,2018-06-15 01:53:00,65,59,81,SE,3,0,28.97,0.0,Fair,2018-06-15T01:29:30Z,75,50,424.85,0.07,4.34,928.0,4.38,56.0,418.74,431.98,...
3962,2018-06-15 02:53:00,64,59,84,CALM,0,0,28.97,0.0,Fair,2018-06-15T02:20:00Z,75,50,419.97,0.06,0.78,649.0,0.7,39.0,418.44,421.33,...
3963,2018-06-15 03:53:00,64,59,84,CALM,0,0,28.97,0.0,Fair,2018-06-15T03:30:00Z,75,50,423.06,0.06,2.64,765.0,2.47,46.0,420.17,428.48,...
3964,2018-06-15 04:53:00,62,59,90,SE,5,0,28.98,0.0,Fair,2018-06-15T04:29:30Z,75,50,428.41,0.08,2.02,929.0,2.02,56.0,425.94,434.41,...
3965,2018-06-15 05:53:00,62,60,93,SSE,5,0,28.98,0.0,Partly Cloudy,2018-06-15T05:29:47Z,75,50,427.57,0.07,2.31,893.0,2.3,55.0,425.03,432.93,...
3966,2018-06-15 06:53:00,63,61,93,S,5,0,28.99,0.0,Partly Cloudy,2018-06-15T06:29:07Z,75,50,425.01,0.07,1.35,892.0,1.31,56.0,421.55,427.67,...
3967,2018-06-15 07:53:00,66,60,81,CALM,0,0,29.0,0.0,Fair,2018-06-15T07:29:07Z,75,50,424.96,0.07,0.82,896.0,0.8,56.0,423.6,426.64,...
3968,2018-06-15 08:53:00,70,59,68,CALM,0,0,28.99,0.0,Fair,2018-06-15T08:23:26Z,75,50,425.78,0.07,0.46,477.0,0.4,30.0,425.0,426.47,...
3969,2018-06-15 09:53:00,74,58,57,SE,6,0,28.98,0.0,Fair,2018-06-15T09:29:26Z,75,50,429.02,0.08,5.74,878.0,5.75,54.0,422.05,441.32,...
3970,2018-06-15 10:53:00,77,60,56,S,9,0,28.98,0.0,Fair,2018-06-15T10:29:26Z,75,50,443.76,0.1,2.5,911.0,2.5,56.0,439.19,449.78,...
3971,2018-06-15 11:53:00,81,59,47,S,10,17,28.97,0.0,Partly Cloudy,2018-06-15T11:29:26Z,75,50,444.41,0.11,5.65,910.0,5.57,56.0,431.53,451.89,...
3972,2018-06-15 12:53:00,81,59,47,SSW,12,0,28.96,0.0,Fair,2018-06-15T12:29:06Z,75,50,429.62,0.08,1.88,916.0,1.84,56.0,427.1,433.09,...
3973,2018-06-15 13:53:00,83,53,36,S,12,0,28.94,0.0,Fair,2018-06-15T13:29:30Z,75,50,426.93,0.07,0.71,925.0,0.67,56.0,425.39,428.4,...
3974,2018-06-15 14:53:00,83,53,36,S,9,0,28.92,0.0,Fair,2018-06-15T14:29:30Z,75,50,428.98,0.08,0.69,929.0,0.64,56.0,427.57,430.38,...
3975,2018-06-15 15:53:00,81,55,41,S,12,0,28.9,0.0,Fair,2018-06-15T15:29:30Z,75,50,430.92,0.08,2.28,926.0,2.17,56.0,426.21,434.44,...
3976,2018-06-15 16:53:00,77,58,52,S,12,0,28.9,0.0,Partly Cloudy,2018-06-15T16:29:30Z,75,50,428.81,0.08,2.82,921.0,2.76,56.0,425.78,434.95,...
3977,2018-06-15 17:53:00,73,58,59,S,10,0,28.91,0.0,Fair,2018-06-15T17:28:30Z,75,50,431.0,0.07,1.19,458.0,1.16,28.0,429.17,432.63,...
3978,2018-06-15 18:53:00,69,59,70,SSW,6,0,28.91,0.0,Fair,2018-06-15T18:29:30Z,75,50,430.3,0.08,3.27,923.0,2.93,56.0,424.78,437.69,...
3979,2018-06-15 19:53:00,67,59,76,S,9,0,28.91,0.0,Fair,2018-06-15T19:29:30Z,75,50,422.03,0.06,2.25,921.0,1.9,56.0,419.51,427.53,...
3980,2018-06-15 20:53:00,64,59,84,S,6,0,28.94,0.0,Partly Cloudy,2018-06-15T20:21:00Z,75,50,420.22,0.06,2.48,667.0,2.21,41.0,418.47,427.17,...
3981,2018-06-15 21:53:00,62,59,90,S,5,0,28.94,0.0,Fair,2018-06-15T21:30:46Z,75,50,419.23,0.06,3.14,684.0,2.7,42.0,416.94,424.91,...
3982,2018-06-15 22:53:00,61,59,93,S,6,0,28.95,0.0,Fair,2018-06-15T22:29:11Z,75,50,417.57,0.06,1.53,888.0,1.33,56.0,415.94,423.67,...
3983,2018-06-15 23:53:00,61,59,93,S,5,0,28.95,0.0,Cloudy,2018-06-15T23:29:11Z,75,50,417.49,0.06,1.91,889.0,1.54,56.0,415.82,423.44,...
3984,2018-06-15 23:53:00,62,59,90,SE,9,0,28.95,0.0,Cloudy,2018-06-16T00:29:11Z,75,50,417.42,0.06,0.87,894.0,0.68,56.0,416.3,419.39,...
3985,2018-06-16 01:53:00,62,58,86,SE,8,0,28.95,0.0,Cloudy,2018-06-16T01:29:11Z,75,50,417.73,0.06,0.66,894.0,0.65,56.0,416.81,421.25,...
3986,2018-06-16 02:53:00,63,56,78,SSE,10,0,28.95,0.0,Cloudy,2018-06-16T02:23:02Z,75,50,418.54,0.06,0.7,491.0,0.67,31.0,417.76,419.85,...
3987,2018-06-16 03:53:00,63,57,81,SE,9,0,28.95,0.0,Cloudy,2018-06-16T03:29:00Z,75,50,421.09,0.06,1.13,849.0,1.06,53.0,419.65,424.19,...
3988,2018-06-16 04:53:00,62,58,86,S,7,0,28.95,0.0,Cloudy,2018-06-16T04:29:30Z,75,50,422.42,0.07,1.34,906.0,1.32,56.0,419.15,424.97,...
3989,2018-06-16 05:53:00,61,58,90,S,8,0,28.97,0.0,Cloudy,2018-06-16T05:29:30Z,75,50,422.82,0.07,1.25,916.0,1.2,56.0,420.51,425.63,...
3990,2018-06-16 06:53:00,61,58,90,SE,8,0,28.98,0.0,Cloudy,2018-06-16T06:29:30Z,75,50,420.23,0.06,1.62,918.0,1.47,56.0,417.8,424.95,...
3991,2018-06-16 07:53:00,62,58,86,SSE,9,0,28.98,0.0,Cloudy,2018-06-16T07:29:30Z,75,50,419.75,0.06,2.54,924.0,2.02,56.0,417.97,430.15,...
3992,2018-06-16 08:53:00,63,57,81,S,9,0,29.0,0.0,Cloudy,2018-06-16T08:29:30Z,75,50,416.89,0.06,1.89,928.0,1.88,56.0,414.04,420.22,...
3993,2018-06-16 09:53:00,64,56,75,S,7,0,29.01,0.0,Cloudy,2018-06-16T09:29:30Z,75,50,415.18,0.05,0.78,934.0,0.71,56.0,413.91,416.81,...
3994,2018-06-16 10:53:00,66,56,70,S,9,0,29.01,0.0,Cloudy,2018-06-16T10:29:30Z,75,50,415.17,0.05,0.66,940.0,0.63,56.0,414.13,416.49,...
3995,2018-06-16 11:53:00,69,55,61,SSE,8,0,29.0,0.0,Cloudy,2018-06-16T11:27:36Z,75,50,415.57,0.05,0.75,453.0,0.7,27.0,414.61,417.73,...
3996,2018-06-16 12:53:00,69,55,61,S,10,21,29.0,0.0,Mostly Cloudy,2018-06-16T12:29:30Z,75,50,415.87,0.06,0.72,935.0,0.71,56.0,414.52,417.3,...
3997,2018-06-16 13:53:00,67,55,66,S,13,21,29.01,0.0,Cloudy,2018-06-16T13:29:30Z,75,50,417.58,0.06,1.97,936.0,1.8,56.0,416.17,425.91,...
3998,2018-06-16 14:53:00,67,54,63,S,12,23,29.0,0.0,Cloudy,2018-06-16T14:21:30Z,75,50,419.1,0.06,0.96,703.0,0.9,42.0,417.4,421.35,...
3999,2018-06-16 15:53:00,66,54,65,S,13,23,28.99,0.0,Cloudy,2018-06-16T15:31:30Z,75,50,417.37,0.06,1.36,720.0,1.34,43.0,414.37,418.94,...
4000,2018-06-16 16:53:00,64,53,67,S,13,0,29.0,0.0,Cloudy,2018-06-16T16:29:30Z,75,50,416.31,0.06,1.07,935.0,1.05,56.0,414.04,419.0,...
4001,2018-06-16 17:53:00,64,53,67,SSE,14,0,29.0,0.0,Cloudy,2018-06-16T17:29:49Z,75,50,413.28,0.05,0.44,921.0,0.41,56.0,412.58,414.22,...
4002,2018-06-16 18:53:00,62,52,70,SSE,12,0,29.01,0.0,Cloudy,2018-06-16T18:29:42Z,75,50,412.81,0.05,0.32,884.0,0.27,55.0,412.26,413.58,...
4003,2018-06-16 19:53:00,62,51,67,SSE,13,0,29.02,0.0,Cloudy,2018-06-16T19:29:18Z,75,50,412.51,0.05,0.43,891.0,0.38,56.0,411.7,413.77,...
4004,2018-06-16 20:53:00,61,51,70,SE,12,0,29.04,0.0,Cloudy,2018-06-16T20:22:15Z,75,50,411.86,0.05,0.32,519.0,0.31,33.0,411.47,412.62,...
4005,2018-06-16 21:53:00,60,51,72,SE,12,0,29.04,0.0,Cloudy,2018-06-16T21:29:37Z,75,50,411.99,0.05,0.48,811.0,0.44,51.0,411.11,413.24,...
4006,2018-06-16 22:53:00,60,52,75,SE,9,0,29.04,0.0,Cloudy,2018-06-16T22:29:37Z,75,50,412.05,0.05,0.53,901.0,0.5,56.0,411.22,413.76,...
4007,2018-06-16 23:53:00,60,52,75,SE,9,0,29.04,0.0,Cloudy,2018-06-16T23:29:37Z,75,50,412.15,0.05,0.49,907.0,0.45,56.0,411.23,413.1,...
4008,2018-06-17 00:53:00,60,51,72,SE,10,0,29.04,0.0,Cloudy,2018-06-17T00:29:14Z,75,50,412.48,0.05,0.57,912.0,0.52,56.0,411.5,414.44,...
4009,2018-06-17 01:53:00,60,52,75,SSE,8,0,29.04,0.0,Cloudy,2018-06-17T01:29:30Z,75,50,413.07,0.05,0.79,915.0,0.73,56.0,411.59,414.76,...
4010,2018-06-17 02:53:00,60,52,75,SE,9,0,29.05,0.0,Cloudy,2018-06-17T02:29:30Z,75,50,413.37,0.05,0.68,924.0,0.64,56.0,412.22,415.0,...
4011,2018-06-17 03:53:00,59,52,78,ESE,9,0,29.05,0.0,Cloudy,2018-06-17T03:29:30Z,75,50,414.01,0.05,0.79,933.0,0.77,56.0,412.8,415.95,...
4012,2018-06-17 04:53:00,59,52,78,ESE,8,0,29.06,0.0,Cloudy,2018-06-17T04:29:30Z,75,50,413.36,0.05,0.67,936.0,0.62,56.0,412.03,414.8,...
4013,2018-06-17 05:53:00,59,53,81,ESE,7,0,29.08,0.0,Cloudy,2018-06-17T05:27:00Z,75,50,413.38,0.05,0.54,484.0,0.49,29.0,412.72,414.22,...
4014,2018-06-17 06:53:00,60,54,80,S,6,0,29.1,0.0,Cloudy,2018-06-17T06:29:30Z,75,50,412.54,0.05,0.37,943.0,0.34,56.0,411.7,413.19,...
4015,2018-06-17 07:53:00,60,53,78,S,8,0,29.1,0.0,Cloudy,2018-06-17T07:29:30Z,75,50,412.78,0.05,0.51,943.0,0.47,56.0,411.92,413.64,...
4016,2018-06-17 08:53:00,61,54,78,S,9,0,29.11,0.0,Cloudy,2018-06-17T08:22:30Z,75,50,412.75,0.05,0.63,711.0,0.59,43.0,411.96,414.36,...
4017,2018-06-17 09:53:00,61,54,78,SSW,7,0,29.11,0.0,Cloudy,2018-06-17T09:32:03Z,75,50,413.87,0.05,0.65,697.0,0.61,42.0,412.4,414.86,...
4018,2018-06-17 10:53:00,61,52,72,SSW,12,0,29.12,0.0,Cloudy,2018-06-17T10:29:22Z,75,50,413.28,0.05,0.64,903.0,0.61,56.0,412.27,414.26,...
4019,2018-06-17 11:53:00,61,52,72,SSW,8,0,29.14,0.0,Mostly Cloudy,2018-06-17T11:29:22Z,75,50,412.44,0.05,0.6,909.0,0.56,56.0,411.52,415.38,...
4020,2018-06-17 12:53:00,64,52,65,SSE,10,0,29.12,0.0,Mostly Cloudy,2018-06-17T12:29:22Z,75,50,412.53,0.05,0.35,911.0,0.32,56.0,411.88,413.27,...
4021,2018-06-17 13:53:00,64,52,65,S,3,0,29.12,0.0,Cloudy,2018-06-17T13:29:22Z,75,50,412.72,0.05,0.4,916.0,0.37,56.0,411.66,413.77,...
4022,2018-06-17 14:53:00,65,52,63,SSE,6,0,29.12,0.0,Cloudy,2018-06-17T14:21:51Z,75,50,412.62,0.05,0.74,554.0,0.72,34.0,411.74,413.89,...
4023,2018-06-17 15:53:00,66,52,60,S,9,0,29.11,0.0,Mostly Cloudy,2018-06-17T15:29:41Z,75,50,412.4,0.05,0.72,821.0,0.67,50.0,411.59,414.06,...
4024,2018-06-17 16:53:00,67,52,59,ESE,5,0,29.1,0.0,Fair,2018-06-17T16:29:10Z,75,50,412.21,0.05,0.54,927.0,0.49,56.0,411.43,413.52,...
4025,2018-06-17 17:53:00,65,54,68,SSW,12,0,29.11,0.0,Cloudy,2018-06-17T17:29:30Z,75,50,412.19,0.05,0.9,931.0,0.75,56.0,411.38,416.51,...
4026,2018-06-17 18:53:00,61,53,75,SW,9,0,29.12,0.0,Mostly Cloudy,2018-06-17T18:29:30Z,75,50,412.57,0.05,2.58,933.0,2.26,56.0,411.1,420.44,...
4027,2018-06-17 19:53:00,61,53,75,SSW,7,0,29.14,0.0,Cloudy,2018-06-17T19:29:30Z,75,50,412.71,0.05,2.03,936.0,1.67,56.0,410.98,417.5,...
4028,2018-06-17 20:53:00,60,52,75,S,5,0,29.15,0.0,Cloudy,2018-06-17T20:29:30Z,75,50,414.25,0.05,4.97,940.0,4.39,56.0,410.85,430.24,...
4029,2018-06-17 21:53:00,61,53,75,S,5,0,29.16,0.0,Cloudy,2018-06-17T21:29:30Z,75,50,411.31,0.05,0.66,940.0,0.56,56.0,410.69,414.09,...
4030,2018-06-17 22:53:00,61,53,75,SSE,5,0,29.16,0.0,Cloudy,2018-06-17T22:29:30Z,75,50,412.03,0.05,2.19,946.0,1.98,56.0,410.86,421.65,...
4031,2018-06-17 23:53:00,60,53,78,SSE,5,0,29.15,0.0,Cloudy,2018-06-17T23:26:00Z,75,50,411.98,0.05,2.41,474.0,2.22,28.0,410.69,419.69,...
4032,2018-06-17 23:53:00,60,52,75,S,5,0,29.14,0.0,Cloudy,2018-06-18T00:29:30Z,75,50,411.46,0.05,0.49,947.0,0.37,56.0,410.55,412.53,...
4033,2018-06-18 01:53:00,59,54,83,WSW,6,0,29.13,0.0,Cloudy,2018-06-18T01:29:30Z,75,50,412.25,0.05,1.32,949.0,1.24,56.0,410.98,417.29,...
4034,2018-06-18 02:53:00,59,54,83,W,6,0,29.14,0.0,Cloudy,2018-06-18T02:23:00Z,75,50,414.31,0.05,2.74,749.0,2.37,44.0,411.73,421.1,...
4035,2018-06-18 03:53:00,59,54,83,WNW,3,0,29.14,0.0,Cloudy,2018-06-18T03:33:00Z,75,50,413.93,0.05,0.79,684.0,0.76,40.0,412.88,416.52,...
4036,2018-06-18 04:53:00,58,53,84,W,5,0,29.14,0.0,Fair,2018-06-18T04:29:30Z,75,50,415.67,0.05,2.21,956.0,1.88,56.0,413.37,420.52,...
4037,2018-06-18 05:53:00,58,53,84,CALM,0,0,29.16,0.0,Fair,2018-06-18T05:29:30Z,75,50,419.34,0.06,1.11,925.0,0.98,54.0,417.36,423.04,...
4038,2018-06-18 06:53:00,60,53,78,CALM,0,0,29.17,0.0,Fair,2018-06-18T06:29:51Z,75,50,419.1,0.06,0.49,924.0,0.47,56.0,418.16,420.0,...
4039,2018-06-18 07:53:00,62,52,70,VAR,5,0,29.18,0.0,Partly Cloudy,2018-06-18T07:29:30Z,75,50,420.38,0.06,0.88,915.0,0.87,56.0,419.08,422.72,...
4040,2018-06-18 08:53:00,66,52,60,CALM,0,0,29.18,0.0,Partly Cloudy,2018-06-18T08:21:04Z,75,50,421.07,0.06,0.99,589.0,0.97,36.0,419.56,422.69,...
4041,2018-06-18 09:53:00,68,52,56,S,9,0,29.18,0.0,Fair,2018-06-18T09:29:48Z,75,50,419.18,0.06,0.43,790.0,0.41,48.0,418.27,419.84,...
4042,2018-06-18 10:53:00,70,54,57,SW,10,0,29.17,0.0,Fair,2018-06-18T10:29:48Z,75,50,420.06,0.06,0.86,931.0,0.82,56.0,418.62,421.52,...
4043,2018-06-18 11:53:00,71,54,55,S,8,18,29.16,0.0,Fair,2018-06-18T11:29:48Z,75,50,420.63,0.06,0.68,935.0,0.64,56.0,419.28,421.95,...
4044,2018-06-18 12:53:00,72,54,53,SSW,9,0,29.15,0.0,Fair,2018-06-18T12:29:30Z,75,50,420.44,0.06,0.88,943.0,0.8,56.0,417.92,422.08,...
4045,2018-06-18 13:53:00,73,54,51,S,12,0,29.15,0.0,Fair,2018-06-18T13:29:30Z,75,50,422.51,0.07,1.49,950.0,1.25,56.0,420.43,427.85,...
4046,2018-06-18 14:53:00,71,53,53,S,12,0,29.15,0.0,Fair,2018-06-18T14:29:30Z,75,50,421.71,0.06,3.03,950.0,2.79,56.0,419.39,432.52,...
4047,2018-06-18 15:53:00,70,53,55,S,7,0,29.14,0.0,Fair,2018-06-18T15:29:30Z,75,50,423.69,0.07,2.25,953.0,2.04,56.0,419.85,429.98,...
4048,2018-06-18 16:53:00,70,54,57,S,10,17,29.12,0.0,Fair,2018-06-18T16:29:30Z,75,50,421.55,0.06,1.61,956.0,1.58,56.0,418.7,426.74,...
4049,2018-06-18 17:53:00,69,53,57,S,10,0,29.12,0.0,Fair,2018-06-18T17:24:55Z,75,50,417.87,0.05,0.91,479.0,0.78,28.0,416.89,420.34,...
4050,2018-06-18 18:53:00,66,52,60,S,8,0,29.13,0.0,Fair,2018-06-18T18:29:30Z,75,50,421.03,0.06,2.65,949.0,2.34,56.0,419.02,431.84,...
4051,2018-06-18 19:53:00,63,53,70,S,8,0,29.15,0.0,Fair,2018-06-18T19:29:30Z,75,50,418.87,0.06,2.67,948.0,2.29,56.0,416.54,429.43,...
4052,2018-06-18 20:53:00,62,53,72,SSE,6,0,29.16,0.0,Fair,2018-06-18T20:24:00Z,75,50,418.82,0.06,1.46,777.0,1.22,46.0,417.0,422.26,...
4053,2018-06-18 21:53:00,62,54,75,SE,6,0,29.16,0.0,Fair,2018-06-18T21:34:00Z,75,50,419.55,0.06,3.02,643.0,2.31,38.0,417.06,426.51,...
4054,2018-06-18 22:53:00,61,55,81,SE,5,0,29.15,0.0,Fair,2018-06-18T22:29:30Z,75,50,419.19,0.06,3.81,948.0,3.16,56.0,416.89,431.15,...
4055,2018-06-18 23:53:00,60,57,90,ESE,5,0,29.14,0.0,Fair,2018-06-18T23:29:30Z,75,50,420.81,0.06,4.41,948.0,3.63,56.0,417.18,430.54,...
4056,2018-06-19 00:53:00,59,57,93,SSE,5,0,29.13,0.0,Fair,2018-06-19T00:30:02Z,75,50,421.26,0.06,4.79,890.0,4.19,54.0,417.28,434.12,...
4057,2018-06-19 01:53:00,58,56,93,E,5,0,29.13,0.0,Fair,2018-06-19T01:29:37Z,75,50,418.8,0.06,3.0,905.0,2.52,56.0,416.84,430.47,...
4058,2018-06-19 02:53:00,58,57,97,E,3,0,29.13,0.0,Fair,2018-06-19T02:20:16Z,75,50,419.76,0.06,2.65,615.0,2.51,38.0,417.34,432.17,...
4059,2018-06-19 03:53:00,57,57,100,SE,6,0,29.13,0.0,Cloudy,2018-06-19T03:29:56Z,75,50,422.22,0.06,2.46,765.0,2.3,47.0,418.74,426.85,...
4060,2018-06-19 04:53:00,57,56,96,E,5,0,29.14,0.0,Mostly Cloudy,2018-06-19T04:29:56Z,75,50,418.47,0.06,1.21,926.0,1.19,56.0,416.99,421.83,...
4061,2018-06-19 05:53:00,57,56,96,SSE,5,0,29.15,0.0,Partly Cloudy,2018-06-19T05:29:56Z,75,50,418.87,0.06,0.67,929.0,0.65,56.0,417.48,419.79,...
4062,2018-06-19 06:53:00,59,56,90,S,5,0,29.15,0.0,Partly Cloudy,2018-06-19T06:29:14Z,75,50,421.86,0.06,1.99,936.0,1.82,56.0,419.39,426.87,...
4063,2018-06-19 07:53:00,62,56,80,CALM,0,0,29.15,0.0,Fair,2018-06-19T07:29:30Z,75,50,422.59,0.07,2.09,942.0,1.73,56.0,420.89,429.35,...
4064,2018-06-19 08:53:00,66,55,68,ESE,3,0,29.14,0.0,Fair,2018-06-19T08:29:30Z,75,50,424.3,0.07,2.63,948.0,2.55,56.0,420.63,430.65,...
4065,2018-06-19 09:53:00,71,56,59,SW,6,0,29.13,0.0,Fair,2018-06-19T09:29:30Z,75,50,434.28,0.09,3.91,951.0,3.85,56.0,425.07,440.78,...
4066,2018-06-19 10:53:00,75,57,53,S,7,0,29.12,0.0,Fair,2018-06-19T10:29:30Z,75,50,439.12,0.1,3.62,951.0,3.53,56.0,431.19,444.64,...
4067,2018-06-19 11:53:00,75,57,53,S,8,0,29.12,0.0,Fair,2018-06-19T11:24:30Z,75,50,441.43,0.09,1.69,477.0,1.62,28.0,438.46,444.14,...
4068,2018-06-19 12:53:00,77,57,50,SSW,7,0,29.11,0.0,Fair,2018-06-19T12:29:30Z,75,50,425.28,0.07,4.37,963.0,4.23,56.0,421.89,439.64,...
4069,2018-06-19 13:53:00,77,58,52,S,6,0,29.09,0.0,Fair,2018-06-19T13:29:30Z,75,50,430.99,0.08,4.46,962.0,4.38,56.0,423.49,439.71,...
4070,2018-06-19 14:53:00,78,58,50,S,12,0,29.08,0.0,Fair,2018-06-19T14:25:00Z,75,50,425.46,0.07,0.9,813.0,0.81,48.0,424.21,427.12,...
4071,2018-06-19 15:53:00,75,59,57,S,12,0,29.07,0.0,Fair,2018-06-19T15:35:00Z,75,50,427.24,0.07,1.64,580.0,1.56,35.0,425.35,434.15,...
4072,2018-06-19 16:53:00,75,58,55,S,10,0,29.06,0.0,Fair,2018-06-19T16:29:41Z,75,50,425.28,0.07,1.64,916.0,1.49,56.0,423.12,429.5,...
4073,2018-06-19 17:53:00,72,58,61,S,10,0,29.07,0.0,Fair,2018-06-19T17:29:41Z,75,50,424.06,0.07,2.45,918.0,2.37,56.0,421.31,428.8,...
4074,2018-06-19 18:53:00,67,58,73,SSE,9,0,29.08,0.0,Fair,2018-06-19T18:29:41Z,75,50,427.31,0.07,2.25,919.0,1.97,56.0,424.82,435.34,...
4075,2018-06-19 19:53:00,65,59,81,SE,9,0,29.1,0.0,Fair,2018-06-19T19:29:41Z,75,50,426.14,0.07,2.95,919.0,2.18,56.0,423.39,432.71,...
4076,2018-06-19 20:53:00,65,59,81,ESE,8,0,29.12,0.0,Fair,2018-06-19T20:19:53Z,75,50,425.24,0.07,3.53,639.0,3.0,39.0,422.31,436.58,...
4077,2018-06-19 21:53:00,63,59,87,ESE,6,0,29.13,0.0,Fair,2018-06-19T21:29:31Z,75,50,423.68,0.06,1.85,758.0,1.59,46.0,421.75,429.71,...
4078,2018-06-19 22:53:00,63,59,87,ESE,7,0,29.12,0.0,Fair,2018-06-19T22:28:48Z,75,50,422.68,0.07,1.24,923.0,1.03,56.0,421.45,427.37,...
4079,2018-06-19 23:53:00,62,59,90,E,5,0,29.11,0.0,Fair,2018-06-19T23:29:30Z,75,50,421.06,0.06,2.77,927.0,2.48,56.0,418.78,432.59,...
4080,2018-06-20 00:53:00,61,59,93,S,3,0,29.09,0.0,Fair,2018-06-20T00:29:30Z,75,50,419.93,0.06,0.87,930.0,0.8,56.0,418.78,422.92,...
4081,2018-06-20 01:53:00,61,59,93,CALM,0,0,29.08,0.0,Fair,2018-06-20T01:29:30Z,75,50,419.38,0.06,1.19,932.0,1.14,56.0,417.4,421.54,...
4082,2018-06-20 02:53:00,60,59,96,SSW,3,0,29.06,0.0,Fair,2018-06-20T02:29:30Z,75,50,417.18,0.06,0.86,938.0,0.82,56.0,415.88,419.35,...
4083,2018-06-20 03:53:00,60,58,93,CALM,0,0,29.07,0.0,Fair,2018-06-20T03:29:30Z,75,50,417.36,0.06,0.79,945.0,0.73,56.0,415.74,418.82,...
4084,2018-06-20 04:53:00,60,58,93,SSE,3,0,29.08,0.0,Fair,2018-06-20T04:29:30Z,75,50,417.88,0.06,0.85,947.0,0.8,56.0,416.12,419.03,...
4085,2018-06-20 05:53:00,60,58,93,CALM,0,0,29.1,0.0,Fair,2018-06-20T05:23:18Z,75,50,419.03,0.06,1.12,491.0,1.08,29.0,417.2,421.36,...
4086,2018-06-20 06:53:00,62,59,90,VAR,3,0,29.1,0.0,Fair,2018-06-20T06:29:30Z,75,50,417.6,0.06,0.53,914.0,0.5,54.0,416.95,418.78,...
4087,2018-06-20 07:53:00,65,59,81,VAR,5,0,29.11,0.0,Fair,2018-06-20T07:29:30Z,75,50,419.2,0.06,0.77,948.0,0.75,56.0,417.99,420.89,...
4088,2018-06-20 08:53:00,70,59,68,CALM,0,0,29.11,0.0,Partly Cloudy,2018-06-20T08:25:30Z,75,50,420.93,0.06,0.89,829.0,0.85,49.0,419.75,423.34,...
4089,2018-06-20 09:53:00,74,59,59,ESE,6,0,29.1,0.0,Fair,2018-06-20T09:35:30Z,75,50,425.52,0.07,1.36,593.0,1.27,35.0,423.38,427.67,...
4090,2018-06-20 10:53:00,77,60,56,VAR,7,0,29.09,0.0,Fair,2018-06-20T10:29:30Z,75,50,430.28,0.08,1.82,949.0,1.75,56.0,426.18,432.74,...
4091,2018-06-20 11:53:00,81,60,49,VAR,7,0,29.08,0.0,Fair,2018-06-20T11:29:42Z,75,50,429.22,0.08,2.09,922.0,1.77,55.0,426.14,433.39,...
4092,2018-06-20 12:53:00,82,61,49,SSE,8,0,29.06,0.0,Fair,2018-06-20T12:29:48Z,75,50,426.52,0.07,1.98,908.0,1.97,56.0,423.23,430.11,...
4093,2018-06-20 13:53:00,83,61,47,S,8,0,29.05,0.0,Haze,2018-06-20T13:29:48Z,75,50,429.88,0.08,2.07,909.0,2.08,56.0,425.49,432.46,...
4094,2018-06-20 14:53:00,83,61,47,S,13,0,29.04,0.0,Fair,2018-06-20T14:20:56Z,75,50,426.3,0.07,1.14,667.0,1.02,41.0,425.44,431.28,...
4095,2018-06-20 15:53:00,79,61,54,S,10,0,29.03,0.0,Fair,2018-06-20T15:30:34Z,75,50,426.85,0.07,1.1,721.0,1.01,44.0,425.49,430.4,...
4096,2018-06-20 16:53:00,76,61,60,SSE,10,0,29.03,0.0,Fair,2018-06-20T16:29:11Z,75,50,426.29,0.07,1.08,918.0,0.97,56.0,424.42,429.98,...
4097,2018-06-20 17:53:00,72,61,68,S,10,0,29.06,0.0,Fair,2018-06-20T17:28:54Z,75,50,427.03,0.07,1.98,919.0,1.92,56.0,424.73,434.97,...
4098,2018-06-20 18:53:00,68,61,78,S,9,0,29.08,0.0,Fair,2018-06-20T18:28:51Z,75,50,426.75,0.07,1.76,921.0,1.63,56.0,423.59,430.63,...
4099,2018-06-20 19:53:00,66,61,84,SE,10,0,29.09,0.0,Fair,2018-06-20T19:29:30Z,75,50,423.69,0.07,2.91,921.0,2.6,56.0,419.83,432.74,...
4100,2018-06-20 20:53:00,65,61,87,SSE,9,0,29.11,0.0,Fair,2018-06-20T20:29:30Z,75,50,420.77,0.06,2.02,928.0,1.67,56.0,418.54,427.79,...
4101,2018-06-20 21:53:00,64,61,90,SE,8,0,29.12,0.0,Cloudy,2018-06-20T21:29:30Z,75,50,418.06,0.06,1.6,932.0,1.44,56.0,416.77,423.24,...
4102,2018-06-20 22:53:00,64,61,90,SSE,6,0,29.12,0.0,Cloudy,2018-06-20T22:29:30Z,75,50,418.3,0.06,3.06,936.0,2.71,56.0,415.93,428.97,...
4103,2018-06-20 23:53:00,64,61,90,S,7,0,29.11,0.0,Cloudy,2018-06-20T23:23:00Z,75,50,417.13,0.05,1.8,519.0,1.38,31.0,416.11,422.95,...
4104,2018-06-21 00:53:00,63,61,93,S,5,0,29.1,0.0,Cloudy,2018-06-21T00:29:30Z,75,50,420.41,0.06,1.53,889.0,1.51,53.0,418.29,423.26,...
4105,2018-06-21 01:53:00,64,61,90,S,3,0,29.09,0.0,Cloudy,2018-06-21T01:29:30Z,75,50,423.8,0.07,1.5,941.0,1.43,56.0,422.05,428.69,...
4106,2018-06-21 02:53:00,63,61,93,CALM,0,0,29.08,0.0,Cloudy,2018-06-21T02:26:00Z,75,50,420.95,0.06,1.48,838.0,1.38,50.0,418.34,424.02,...
4107,2018-06-21 03:53:00,63,61,93,VAR,3,0,29.09,0.0,Cloudy,2018-06-21T03:36:00Z,75,50,417.62,0.05,1.6,568.0,1.58,34.0,414.47,420.61,...
4108,2018-06-21 04:53:00,63,61,93,SE,5,0,29.09,0.0,Cloudy,2018-06-21T04:29:40Z,75,50,416.05,0.05,0.68,889.0,0.64,55.0,414.46,417.35,...
4109,2018-06-21 05:53:00,64,61,90,CALM,0,0,29.1,0.0,Cloudy,2018-06-21T05:29:52Z,75,50,417.18,0.06,0.69,898.0,0.65,56.0,416.13,419.04,...
4110,2018-06-21 06:53:00,64,61,90,VAR,5,0,29.12,0.0,Cloudy,2018-06-21T06:29:52Z,75,50,417.15,0.06,0.61,900.0,0.56,56.0,415.89,418.14,...
4111,2018-06-21 07:53:00,66,61,84,VAR,3,0,29.12,0.0,Haze,2018-06-21T07:29:52Z,75,50,418.74,0.06,1.22,904.0,1.2,56.0,416.97,421.03,...
4112,2018-06-21 08:53:00,69,61,75,CALM,0,0,29.12,0.0,Haze,2018-06-21T08:21:27Z,75,50,419.49,0.06,0.54,680.0,0.46,42.0,418.86,420.8,...
4113,2018-06-21 09:53:00,74,62,66,S,8,0,29.12,0.0,Fair,2018-06-21T09:31:06Z,75,50,420.26,0.06,0.71,702.0,0.62,43.0,419.45,422.68,...
4114,2018-06-21 10:53:00,77,62,60,VAR,7,0,29.11,0.0,Fair,2018-06-21T10:28:57Z,75,50,420.08,0.06,1.08,915.0,1.0,56.0,418.77,423.18,...
4115,2018-06-21 11:53:00,78,62,58,S,8,0,29.1,0.0,Fair,2018-06-21T11:29:30Z,75,50,420.88,0.06,1.1,916.0,0.97,56.0,419.49,424.12,...
4116,2018-06-21 12:53:00,80,62,54,SSE,10,0,29.09,0.0,Fair,2018-06-21T12:29:30Z,75,50,420.6,0.06,0.87,921.0,0.83,56.0,419.47,422.13,...
4117,2018-06-21 13:53:00,81,62,52,S,9,0,29.07,0.0,Fair,2018-06-21T13:29:30Z,75,50,421.54,0.06,0.68,925.0,0.66,56.0,420.49,423.37,...
4118,2018-06-21 14:53:00,83,62,49,S,13,0,29.05,0.0,Fair,2018-06-21T14:29:30Z,75,50,424.67,0.07,2.35,926.0,2.29,56.0,421.86,430.37,...
4119,2018-06-21 15:53:00,79,62,56,S,13,0,29.04,0.0,Fair,2018-06-21T15:29:30Z,75,50,427.15,0.07,1.78,928.0,1.65,56.0,424.79,431.76,...
4120,2018-06-21 16:53:00,76,63,64,S,13,0,29.04,0.0,Fair,2018-06-21T16:29:30Z,75,50,429.33,0.08,1.96,929.0,1.87,56.0,426.49,433.68,...
4121,2018-06-21 17:53:00,73,62,68,S,9,0,29.05,0.0,Fair,2018-06-21T17:21:41Z,75,50,430.17,0.08,2.76,528.0,2.0,32.0,428.05,437.34,...
4122,2018-06-21 18:53:00,68,62,81,S,9,0,29.06,0.0,Fair,2018-06-21T18:29:30Z,75,50,426.8,0.07,2.12,844.0,1.81,51.0,425.18,434.73,...
4123,2018-06-21 19:53:00,66,62,87,S,7,0,29.08,0.0,Fair,2018-06-21T19:29:30Z,75,50,425.39,0.07,2.78,926.0,2.62,56.0,421.48,433.68,...
4124,2018-06-21 20:53:00,66,62,87,ESE,8,0,29.09,0.0,Fair,2018-06-21T20:27:00Z,75,50,422.26,0.07,3.31,866.0,3.05,52.0,419.38,431.61,...
4125,2018-06-21 21:53:00,65,62,90,SSE,8,0,29.09,0.0,Fair,2018-06-21T21:37:00Z,75,50,418.38,0.06,2.13,549.0,1.67,33.0,416.86,424.94,...
4126,2018-06-21 22:53:00,63,62,97,ESE,8,0,29.09,0.0,Cloudy,2018-06-21T22:29:30Z,75,50,417.67,0.06,1.81,932.0,1.48,56.0,415.54,422.58,...
4127,2018-06-21 23:53:00,63,62,97,SE,6,0,29.09,0.0,Cloudy,2018-06-21T23:29:30Z,75,50,416.51,0.06,1.31,931.0,1.2,56.0,415.16,421.81,...
4128,2018-06-22 00:53:00,63,62,97,VAR,3,0,29.08,0.0,Cloudy,2018-06-22T00:29:45Z,75,50,415.98,0.06,0.79,909.0,0.74,56.0,414.68,418.19,...
4129,2018-06-22 01:53:00,63,62,97,CALM,0,0,29.08,0.0,Cloudy,2018-06-22T01:29:17Z,75,50,416.66,0.06,1.19,883.0,1.09,55.0,414.81,420.17,...
4130,2018-06-22 02:53:00,63,62,97,VAR,3,0,29.07,0.0,Cloudy,2018-06-22T02:22:02Z,75,50,418.05,0.06,0.69,675.0,0.64,43.0,417.06,419.28,...
4131,2018-06-22 03:53:00,63,62,97,CALM,0,0,29.06,0.0,Cloudy,2018-06-22T03:32:09Z,75,50,419.99,0.06,0.89,655.0,0.85,41.0,418.24,421.31,...
4132,2018-06-22 04:53:00,63,62,97,E,5,0,29.07,0.0,Cloudy,2018-06-22T04:29:22Z,75,50,422.52,0.06,2.45,905.0,1.69,56.0,420.2,427.97,...
4133,2018-06-22 05:53:00,63,62,97,CALM,0,0,29.07,0.0,Cloudy,2018-06-22T05:29:22Z,75,50,422.25,0.06,1.24,907.0,1.08,56.0,420.71,426.49,...
4134,2018-06-22 06:53:00,64,62,93,CALM,0,0,29.08,0.0,Cloudy,2018-06-22T06:29:22Z,75,50,422.9,0.07,0.69,910.0,0.6,56.0,421.61,423.97,...
4135,2018-06-22 07:53:00,65,62,90,SSW,5,0,29.09,0.0,Cloudy,2018-06-22T07:29:22Z,75,50,421.99,0.06,0.64,913.0,0.59,56.0,420.76,423.31,...
4136,2018-06-22 08:53:00,67,62,84,VAR,3,0,29.08,0.0,Haze,2018-06-22T08:29:30Z,75,50,421.14,0.06,0.69,916.0,0.65,56.0,420.09,424.23,...
4137,2018-06-22 09:53:00,71,63,75,VAR,3,0,29.07,0.0,Haze,2018-06-22T09:29:30Z,75,50,420.72,0.06,0.72,917.0,0.67,56.0,419.77,423.47,...
4138,2018-06-22 10:53:00,77,63,62,VAR,5,0,29.05,0.0,Fair,2018-06-22T10:29:30Z,75,50,421.71,0.06,0.43,923.0,0.42,56.0,420.67,422.39,...
4139,2018-06-22 11:53:00,79,63,58,S,8,0,29.03,0.0,Fair,2018-06-22T11:21:30Z,75,50,422.63,0.06,0.48,560.0,0.45,34.0,422.05,423.4,...
4140,2018-06-22 12:53:00,81,63,54,S,9,0,29.01,0.0,Fair,2018-06-22T12:29:30Z,75,50,425.15,0.07,1.18,835.0,1.16,50.0,423.93,431.22,...
4141,2018-06-22 13:53:00,82,63,52,S,10,0,28.99,0.0,Fair,2018-06-22T13:29:30Z,75,50,425.9,0.07,1.37,931.0,1.36,56.0,423.64,429.46,...
4142,2018-06-22 14:53:00,83,63,51,S,9,0,28.98,0.0,Fair,2018-06-22T14:27:30Z,75,50,429.5,0.08,2.57,881.0,2.48,53.0,426.75,437.24,...
4143,2018-06-22 15:53:00,81,63,54,S,9,0,28.96,0.0,Fair,2018-06-22T15:37:30Z,75,50,430.24,0.07,0.75,531.0,0.67,32.0,429.2,431.97,...
4144,2018-06-22 16:53:00,77,63,62,S,9,0,28.96,0.0,Fair,2018-06-22T16:29:30Z,75,50,431.17,0.08,2.35,894.0,2.2,54.0,428.93,443.08,...
4145,2018-06-22 17:53:00,75,62,64,SE,12,0,28.96,0.0,Fair,2018-06-22T17:29:07Z,75,50,429.96,0.08,1.71,879.0,1.46,56.0,428.35,435.76,...
4146,2018-06-22 18:53:00,72,62,71,ESE,12,0,28.97,0.0,Fair,2018-06-22T18:29:07Z,75,50,430.76,0.08,1.71,878.0,1.41,56.0,429.14,435.26,...
4147,2018-06-22 19:53:00,67,61,81,ESE,8,0,28.98,0.0,Fair,2018-06-22T19:29:07Z,75,50,432.72,0.08,2.48,883.0,2.04,56.0,429.78,439.21,...
4148,2018-06-22 20:53:00,67,61,81,SE,7,0,28.99,0.0,Fair,2018-06-22T20:22:34Z,75,50,434.08,0.09,2.63,691.0,1.96,44.0,432.34,442.01,...
4149,2018-06-22 21:53:00,66,61,84,SSE,6,0,28.99,0.0,Fair,2018-06-22T21:32:41Z,75,50,436.74,0.08,4.24,634.0,4.06,40.0,433.05,450.72,...
4150,2018-06-22 22:53:00,65,61,87,ESE,7,0,28.99,0.0,Fair,2018-06-22T22:29:26Z,75,50,438.16,0.09,3.66,893.0,3.03,56.0,435.69,452.85,...
4151,2018-06-22 23:53:00,64,61,90,ESE,9,0,28.98,0.0,Fair,2018-06-22T23:29:30Z,75,50,437.63,0.1,1.08,895.0,1.06,56.0,435.23,439.98,...
4152,2018-06-23 00:53:00,62,61,96,ESE,7,0,28.98,0.0,Cloudy,2018-06-23T00:29:30Z,75,50,436.05,0.09,1.25,900.0,1.19,56.0,434.69,441.66,...
4153,2018-06-23 01:53:00,62,61,96,SSE,6,0,28.98,0.0,Cloudy,2018-06-23T01:29:30Z,75,50,431.66,0.08,1.17,904.0,1.14,56.0,429.95,434.7,...
4154,2018-06-23 02:53:00,62,61,96,SE,6,0,28.98,0.0,Cloudy,2018-06-23T02:29:30Z,75,50,431.76,0.08,0.91,910.0,0.86,56.0,429.97,434.07,...
4155,2018-06-23 03:53:00,62,61,96,E,5,0,28.98,0.0,Cloudy,2018-06-23T03:29:30Z,75,50,430.87,0.08,0.81,908.0,0.76,56.0,429.1,432.95,...
4156,2018-06-23 04:53:00,63,61,93,E,7,0,28.98,0.0,Cloudy,2018-06-23T04:29:30Z,75,50,428.22,0.08,1.5,910.0,1.49,56.0,425.94,431.26,...
4157,2018-06-23 05:53:00,63,61,93,NE,5,0,28.99,0.0,Cloudy,2018-06-23T05:21:00Z,75,50,427.6,0.07,1.41,574.0,1.37,35.0,426.2,431.11,...
4158,2018-06-23 06:53:00,63,61,93,SSE,6,0,29.0,0.0,Cloudy,2018-06-23T06:29:30Z,75,50,424.36,0.07,1.02,806.0,0.99,49.0,422.41,425.88,...
4159,2018-06-23 07:53:00,64,61,90,SSE,5,0,29.02,0.0,Cloudy,2018-06-23T07:29:30Z,75,50,421.78,0.06,0.88,927.0,0.87,56.0,420.24,423.62,...
4160,2018-06-23 08:53:00,66,61,84,S,7,0,29.02,0.0,Haze,2018-06-23T08:27:43Z,75,50,420.96,0.06,0.67,850.0,0.65,52.0,419.92,422.41,...
4161,2018-06-23 09:53:00,67,62,84,S,8,0,29.03,0.0,Cloudy,2018-06-23T09:38:04Z,75,50,420.9,0.06,0.46,476.0,0.45,30.0,420.19,421.66,...
4162,2018-06-23 10:53:00,68,62,81,S,10,0,29.03,0.0,Cloudy,2018-06-23T10:29:11Z,75,50,420.27,0.06,0.37,889.0,0.36,56.0,419.49,421.14,...
4163,2018-06-23 11:53:00,71,61,70,,0,0,29.04,0.0,Cloudy,2018-06-23T11:29:11Z,75,50,420.72,0.06,0.39,894.0,0.36,56.0,420.06,421.43,...
4164,2018-06-23 12:53:00,73,61,66,S,12,18,29.03,0.0,Partly Cloudy,2018-06-23T12:29:11Z,75,50,420.67,0.06,0.58,896.0,0.54,56.0,419.71,421.99,...
4165,2018-06-23 13:53:00,74,61,64,S,13,0,29.03,0.0,Fair,2018-06-23T13:29:11Z,75,50,420.77,0.06,0.9,896.0,0.9,56.0,419.09,422.5,...
4166,2018-06-23 14:53:00,75,59,57,S,12,0,29.02,0.0,Fair,2018-06-23T14:23:07Z,75,50,420.58,0.06,0.56,719.0,0.54,45.0,419.55,421.51,...
4167,2018-06-23 15:53:00,74,59,59,S,10,0,29.0,0.0,Fair,2018-06-23T15:33:30Z,75,50,423.44,0.06,0.77,628.0,0.74,39.0,421.94,424.49,...
4168,2018-06-23 16:53:00,72,59,64,SSE,8,0,28.99,0.0,Fair,2018-06-23T16:29:30Z,75,50,422.41,0.07,1.51,905.0,0.95,56.0,421.55,428.62,...
4169,2018-06-23 17:53:00,71,59,66,S,10,0,28.99,0.0,Fair,2018-06-23T17:29:30Z,75,50,420.9,0.06,0.68,908.0,0.65,56.0,419.69,422.17,...
4170,2018-06-23 18:53:00,67,58,73,S,12,0,29.0,0.0,Fair,2018-06-23T18:29:30Z,75,50,419.36,0.06,0.54,909.0,0.51,56.0,418.11,420.56,...
4171,2018-06-23 19:53:00,64,58,80,S,8,0,29.02,0.0,Fair,2018-06-23T19:29:30Z,75,50,416.49,0.06,1.5,907.0,1.49,56.0,414.52,418.51,...
4172,2018-06-23 20:53:00,62,58,86,S,7,0,29.03,0.0,Partly Cloudy,2018-06-23T20:29:30Z,75,50,413.74,0.05,0.78,910.0,0.73,56.0,412.68,415.59,...
4173,2018-06-23 21:53:00,62,58,86,SSE,7,0,29.04,0.0,Cloudy,2018-06-23T21:29:30Z,75,50,412.45,0.05,0.46,910.0,0.43,56.0,411.68,413.41,...
4174,2018-06-23 22:53:00,62,58,86,SSE,7,0,29.04,0.0,Cloudy,2018-06-23T22:29:30Z,75,50,412.13,0.05,0.64,909.0,0.58,56.0,411.37,414.38,...
4175,2018-06-23 23:53:00,62,58,86,SSE,6,0,29.04,0.0,Cloudy,2018-06-23T23:19:32Z,75,50,411.8,0.05,0.34,585.0,0.29,36.0,411.2,412.37,...
4176,2018-06-24 00:53:00,62,58,86,S,6,0,29.04,0.0,Cloudy,2018-06-24T00:29:30Z,75,50,412.42,0.05,0.48,761.0,0.44,47.0,411.74,413.77,...
4177,2018-06-24 01:53:00,62,58,86,SSE,5,0,29.03,0.0,Cloudy,2018-06-24T01:29:30Z,75,50,413.28,0.05,0.51,907.0,0.47,56.0,412.29,414.48,...
4178,2018-06-24 02:53:00,61,58,90,SSE,6,0,29.03,0.0,Cloudy,2018-06-24T02:29:00Z,75,50,413.8,0.05,0.72,910.0,0.63,56.0,412.45,415.84,...
4179,2018-06-24 03:53:00,62,58,86,SE,8,0,29.04,0.0,Cloudy,2018-06-24T03:39:00Z,75,50,415.57,0.05,0.61,472.0,0.57,29.0,414.31,416.78,...
4180,2018-06-24 04:53:00,61,59,93,S,5,0,29.06,0.0,Cloudy,2018-06-24T04:29:30Z,75,50,415.59,0.05,0.73,917.0,0.66,56.0,414.18,417.38,...
4181,2018-06-24 05:53:00,61,59,93,SSE,5,0,29.07,0.0,Cloudy,2018-06-24T05:29:30Z,75,50,415.61,0.05,0.87,914.0,0.83,56.0,414.57,417.17,...
4182,2018-06-24 06:53:00,62,59,90,S,8,0,29.09,0.0,Cloudy,2018-06-24T06:29:30Z,75,50,415.4,0.05,0.55,915.0,0.5,56.0,414.12,416.52,...
4183,2018-06-24 07:53:00,62,59,90,SSE,8,0,29.11,0.0,Cloudy,2018-06-24T07:29:53Z,75,50,414.67,0.05,0.54,881.0,0.52,55.0,413.87,415.98,...
4184,2018-06-24 08:53:00,63,59,87,SSE,8,0,29.12,0.0,Cloudy,2018-06-24T08:24:11Z,75,50,414.28,0.05,0.35,731.0,0.32,47.0,413.75,414.88,...
4185,2018-06-24 09:53:00,65,59,81,SSE,8,0,29.13,0.0,Cloudy,2018-06-24T09:34:16Z,75,50,414.7,0.05,0.44,578.0,0.37,37.0,413.98,415.61,...
4186,2018-06-24 10:53:00,69,59,70,SSE,7,0,29.12,0.0,Partly Cloudy,2018-06-24T10:29:37Z,75,50,414.55,0.05,0.37,884.0,0.33,56.0,413.93,415.25,...
4187,2018-06-24 11:53:00,72,58,61,S,9,0,29.11,0.0,Fair,2018-06-24T11:29:37Z,75,50,414.1,0.05,0.35,891.0,0.31,56.0,413.5,414.91,...
4188,2018-06-24 12:53:00,76,58,54,SSE,12,0,29.1,0.0,Fair,2018-06-24T12:29:37Z,75,50,414.5,0.05,0.43,897.0,0.41,56.0,413.87,415.41,...
4189,2018-06-24 13:53:00,76,58,54,S,10,0,29.09,0.0,Fair,2018-06-24T13:29:37Z,75,50,415.65,0.05,0.45,897.0,0.41,56.0,414.91,417.09,...
4190,2018-06-24 14:53:00,77,57,50,S,9,0,29.09,0.0,Fair,2018-06-24T14:29:30Z,75,50,416.39,0.06,0.6,899.0,0.55,56.0,415.57,417.76,...
4191,2018-06-24 15:53:00,75,58,55,S,13,0,29.07,0.0,Fair,2018-06-24T15:29:30Z,75,50,417.06,0.06,0.72,902.0,0.64,56.0,416.09,418.71,...
4192,2018-06-24 16:53:00,74,58,57,S,10,0,29.06,0.0,Fair,2018-06-24T16:29:30Z,75,50,416.81,0.06,0.65,905.0,0.61,56.0,415.77,418.31,...
4193,2018-06-24 17:53:00,72,58,61,S,9,0,29.05,0.0,Fair,2018-06-24T17:19:30Z,75,50,416.86,0.06,0.38,614.0,0.31,38.0,416.16,417.32,...
4194,2018-06-24 18:53:00,68,58,70,S,9,0,29.07,0.0,Fair,2018-06-24T18:29:30Z,75,50,418.16,0.06,1.37,764.0,1.26,47.0,417.4,425.39,...
4195,2018-06-24 19:53:00,65,58,78,S,6,0,29.08,0.0,Fair,2018-06-24T19:29:30Z,75,50,418.74,0.06,1.53,909.0,1.41,56.0,416.81,423.1,...
4196,2018-06-24 20:53:00,63,58,84,S,6,0,29.11,0.0,Fair,2018-06-24T20:29:30Z,75,50,414.45,0.05,1.91,914.0,1.68,56.0,412.83,419.46,...
4197,2018-06-24 21:53:00,62,58,86,S,6,0,29.1,0.0,Fair,2018-06-24T21:39:30Z,75,50,413.2,0.05,1.28,458.0,1.11,28.0,412.33,416.69,...
4198,2018-06-24 22:53:00,61,59,93,S,5,0,29.11,0.0,Fair,2018-06-24T22:29:30Z,75,50,413.04,0.05,1.08,915.0,0.91,56.0,412.23,417.1,...
4199,2018-06-24 23:53:00,60,59,96,S,6,0,29.11,0.0,Fair,2018-06-24T23:29:50Z,75,50,413.91,0.05,2.25,903.0,1.9,56.0,412.23,420.31,...
4200,2018-06-25 00:53:00,61,59,93,SSE,7,0,29.13,0.0,Cloudy,2018-06-25T00:29:55Z,75,50,413.57,0.05,1.59,864.0,1.5,54.0,412.73,421.77,...
4201,2018-06-25 01:53:00,61,59,93,S,5,0,29.12,0.0,Cloudy,2018-06-25T01:04:06Z,75,50,413.54,0.05,0.23,117.0,0.21,8.0,413.19,413.84,...
4202,2018-06-25 02:53:00,61,59,93,S,5,0,29.12,0.0,Cloudy,,75,50,,,,,,,,,
4203,2018-06-25 03:53:00,61,59,93,S,6,0,29.12,0.0,Cloudy,,75,50,,,,,,,,,
4204,2018-06-25 04:53:00,61,58,90,CALM,0,0,29.13,0.0,Cloudy,,75,50,,,,,,,,,
4205,2018-06-25 05:53:00,61,58,90,ENE,3,0,29.13,0.0,Cloudy,,75,50,,,,,,,,,
4206,2018-06-25 06:53:00,63,58,84,E,3,0,29.14,0.0,Cloudy,,75,50,,,,,,,,,
4207,2018-06-25 07:53:00,65,58,78,CALM,0,0,29.15,0.0,Fair,,75,50,,,,,,,,,
4208,2018-06-25 08:53:00,69,58,68,S,5,0,29.14,0.0,Fair,,75,50,,,,,,,,,
4209,2018-06-25 09:53:00,74,59,59,VAR,3,0,29.14,0.0,Fair,,75,50,,,,,,,,,
4210,2018-06-25 10:53:00,78,58,50,S,7,0,29.13,0.0,Fair,,75,50,,,,,,,,,
4211,2018-06-25 11:53:00,79,57,47,SSE,8,0,29.12,0.0,Fair,,75,50,,,,,,,,,
4212,2018-06-25 12:53:00,83,58,42,,0,0,29.1,0.0,Fair,,75,50,,,,,,,,,
4213,2018-06-25 13:53:00,81,57,44,S,12,0,29.09,0.0,Fair,,75,50,,,,,,,,,
4214,2018-06-25 14:53:00,81,53,38,SSE,12,0,29.08,0.0,Fair,,75,50,,,,,,,,,
4215,2018-06-25 15:53:00,79,54,42,S,12,0,29.07,0.0,Fair,,75,50,,,,,,,,,
4216,2018-06-25 16:53:00,78,54,43,SSE,10,0,29.06,0.0,Fair,,75,50,,,,,,,,,
4217,2018-06-25 17:53:00,76,56,50,S,10,0,29.06,0.0,Fair,,75,50,,,,,,,,,
4218,2018-06-25 18:53:00,71,58,63,SSE,7,0,29.07,0.0,Fair,,75,50,,,,,,,,,
4219,2018-06-25 19:53:00,68,59,73,VAR,5,0,29.08,0.0,Fair,,75,50,,,,,,,,,
4220,2018-06-25 20:53:00,67,60,79,ESE,6,0,29.09,0.0,Fair,,75,50,,,,,,,,,
4221,2018-06-25 21:53:00,65,60,84,ESE,7,0,29.1,0.0,Fair,,75,50,,,,,,,,,
4222,2018-06-25 22:53:00,64,61,90,ESE,6,0,29.1,0.0,Fair,,75,50,,,,,,,,,
4223,2018-06-25 23:53:00,63,61,93,SE,8,0,29.11,0.0,Fair,,75,50,,,,,,,,,
4224,2018-06-26 00:53:00,61,60,97,ESE,8,0,29.11,0.0,Fair,,75,50,,,,,,,,,
4225,2018-06-26 01:53:00,60,59,96,SE,5,0,29.11,0.0,Mostly Cloudy,,75,50,,,,,,,,,
4226,2018-06-26 02:53:00,60,60,100,SE,7,0,29.12,0.0,Cloudy,,75,50,,,,,,,,,
4227,2018-06-26 03:53:00,60,59,96,SSE,6,0,29.13,0.0,Cloudy,,75,50,,,,,,,,,
4228,2018-06-26 04:53:00,60,59,96,SSE,5,0,29.14,0.0,Cloudy,,75,50,,,,,,,,,
4229,2018-06-26 05:53:00,61,59,93,S,5,0,29.15,0.0,Cloudy,,75,50,,,,,,,,,
4230,2018-06-26 06:53:00,62,59,90,CALM,0,0,29.16,0.0,Cloudy,,75,50,,,,,,,,,
4231,2018-06-26 07:53:00,62,59,90,W,3,0,29.17,0.0,Cloudy,,75,50,,,,,,,,,
4232,2018-06-26 08:53:00,68,58,70,S,5,0,29.16,0.0,Haze,,75,50,,,,,,,,,
4233,2018-06-26 09:53:00,73,58,59,ESE,6,0,29.15,0.0,Fair,,75,50,,,,,,,,,
4234,2018-06-26 10:53:00,76,58,54,S,8,0,29.14,0.0,Fair,,75,50,,,,,,,,,
4235,2018-06-26 11:53:00,80,57,45,S,10,0,29.12,0.0,Fair,,75,50,,,,,,,,,
4236,2018-06-26 12:53:00,82,57,42,S,7,0,29.1,0.0,Fair,,75,50,,,,,,,,,
4237,2018-06-26 13:53:00,84,57,40,S,9,0,29.09,0.0,Fair,,75,50,,,,,,,,,
4238,2018-06-26 14:53:00,81,55,41,S,9,0,29.08,0.0,Fair,,75,50,,,,,,,,,
4239,2018-06-26 15:53:00,82,54,38,S,10,0,29.07,0.0,Fair,,75,50,,,,,,,,,
4240,2018-06-26 16:53:00,80,56,43,SSE,9,0,29.06,0.0,Fair,,75,50,,,,,,,,,
4241,2018-06-26 17:53:00,76,57,52,S,8,0,29.07,0.0,Fair,,75,50,,,,,,,,,
4242,2018-06-26 18:53:00,72,57,59,SSE,9,0,29.07,0.0,Fair,,75,50,,,,,,,,,
4243,2018-06-26 19:53:00,69,59,70,SE,10,0,29.08,0.0,Fair,,75,50,,,,,,,,,
4244,2018-06-26 20:53:00,67,60,79,ESE,9,0,29.1,0.0,Fair,,75,50,,,,,,,,,
4245,2018-06-26 21:53:00,66,61,84,E,7,0,29.11,0.0,Fair,,75,50,,,,,,,,,
4246,2018-06-26 22:53:00,65,61,87,SE,6,0,29.1,0.0,Fair,,75,50,,,,,,,,,
4247,2018-06-26 23:53:00,64,60,87,ESE,8,0,29.09,0.0,Fair,,75,50,,,,,,,,,
4248,2018-06-27 00:53:00,63,60,90,SE,7,0,29.08,0.0,Fair,,75,50,,,,,,,,,
4249,2018-06-27 01:53:00,61,59,93,S,3,0,29.07,0.0,Fair,,75,50,,,,,,,,,
4250,2018-06-27 02:53:00,61,59,93,SSE,3,0,29.07,0.0,Fair,,75,50,,,,,,,,,
4251,2018-06-27 03:53:00,60,60,100,ESE,5,0,29.08,0.0,Fair,,75,50,,,,,,,,,
4252,2018-06-27 04:53:00,60,60,100,S,3,0,29.09,0.0,Cloudy,,75,50,,,,,,,,,
4253,2018-06-27 05:53:00,61,60,97,S,5,0,29.1,0.0,Cloudy,,75,50,,,,,,,,,
4254,2018-06-27 06:53:00,62,59,90,SSE,5,0,29.1,0.0,Cloudy,,75,50,,,,,,,,,
4255,2018-06-27 07:53:00,64,59,84,S,6,0,29.11,0.0,Haze,,75,50,,,,,,,,,
4256,2018-06-27 08:53:00,67,59,76,CALM,0,0,29.11,0.0,Partly Cloudy,,75,50,,,,,,,,,
4257,2018-06-27 09:53:00,72,60,66,VAR,7,0,29.11,0.0,Fair,,75,50,,,,,,,,,
4258,2018-06-27 10:53:00,75,59,57,SSE,8,0,29.09,0.0,Fair,,75,50,,,,,,,,,
4259,2018-06-27 11:53:00,78,58,50,S,9,0,29.08,0.0,Fair,,75,50,,,,,,,,,
4260,2018-06-27 12:53:00,78,58,50,S,12,0,29.06,0.0,Fair,,75,50,,,,,,,,,
4261,2018-06-27 13:53:00,80,58,47,S,13,0,29.04,0.0,Fair,,75,50,,,,,,,,,
4262,2018-06-27 14:53:00,77,58,52,S,12,0,29.04,0.0,Fair,,75,50,,,,,,,,,
4263,2018-06-27 15:53:00,77,58,52,SSE,12,0,29.02,0.0,Fair,,75,50,,,,,,,,,
4264,2018-06-27 16:53:00,74,58,57,S,10,0,29.02,0.0,Fair,,75,50,,,,,,,,,
4265,2018-06-27 17:53:00,73,58,59,S,10,0,29.02,0.0,Fair,,75,50,,,,,,,,,
4266,2018-06-27 18:53:00,69,59,70,S,12,0,29.03,0.0,Fair,,75,50,,,,,,,,,
4267,2018-06-27 19:53:00,66,59,78,S,8,0,29.04,0.0,Fair,,75,50,,,,,,,,,
4268,2018-06-27 20:53:00,65,58,78,S,7,0,29.06,0.0,Fair,,75,50,,,,,,,,,
4269,2018-06-27 21:53:00,64,58,80,SE,8,0,29.07,0.0,Fair,,75,50,,,,,,,,,
4270,2018-06-27 22:53:00,64,59,84,SSE,6,0,29.07,0.0,Fair,,75,50,,,,,,,,,
4271,2018-06-27 23:53:00,64,60,87,ESE,8,0,29.09,0.0,Fair,,75,50,,,,,,,,,
4272,2018-06-28 00:53:00,63,60,90,SE,7,0,29.08,0.0,Fair,,75,50,,,,,,,,,
4273,2018-06-28 01:53:00,61,59,93,S,3,0,29.07,0.0,Fair,,75,50,,,,,,,,,
4274,2018-06-28 02:53:00,61,59,93,SSE,3,0,29.07,0.0,Fair,,75,50,,,,,,,,,
4275,2018-06-28 03:53:00,60,60,100,ESE,5,0,29.08,0.0,Fair,,75,50,,,,,,,,,
4276,2018-06-28 04:53:00,60,60,100,S,3,0,29.09,0.0,Cloudy,,75,50,,,,,,,,,
4277,2018-06-28 05:53:00,61,60,97,S,5,0,29.1,0.0,Cloudy,,75,50,,,,,,,,,
4278,2018-06-28 06:53:00,62,59,90,SSE,5,0,29.1,0.0,Cloudy,,75,50,,,,,,,,,
4279,2018-06-28 07:53:00,64,59,84,S,6,0,29.11,0.0,Haze,,75,50,,,,,,,,,
4280,2018-06-28 08:53:00,67,59,76,CALM,0,0,29.11,0.0,Partly Cloudy,,75,50,,,,,,,,,
4281,2018-06-28 09:53:00,72,60,66,VAR,7,0,29.11,0.0,Fair,,75,50,,,,,,,,,
4282,2018-06-28 10:53:00,75,59,57,SSE,8,0,29.09,0.0,Fair,,75,50,,,,,,,,,
4283,2018-06-28 11:53:00,78,58,50,S,9,0,29.08,0.0,Fair,,75,50,,,,,,,,,
4284,2018-06-28 12:53:00,78,58,50,S,12,0,29.06,0.0,Fair,,75,50,,,,,,,,,
4285,2018-06-28 13:53:00,80,58,47,S,13,0,29.04,0.0,Fair,,75,50,,,,,,,,,
4286,2018-06-28 14:53:00,77,58,52,S,12,0,29.04,0.0,Fair,,75,50,,,,,,,,,
4287,2018-06-28 15:53:00,77,58,52,SSE,12,0,29.02,0.0,Fair,,75,50,,,,,,,,,
4288,2018-06-28 16:53:00,74,58,57,S,10,0,29.02,0.0,Fair,,75,50,,,,,,,,,
4289,2018-06-28 17:53:00,73,58,59,S,10,0,29.02,0.0,Fair,,75,50,,,,,,,,,
4290,2018-06-28 18:53:00,69,59,70,S,12,0,29.03,0.0,Fair,2018-06-28T18:50:30Z,75,50,,,,44.0,,3.0,,,...
4291,2018-06-28 19:53:00,66,59,78,S,8,0,29.04,0.0,Fair,2018-06-28T19:33:22Z,75,50,416.78,0.06,2.05,732.0,1.77,47.0,414.13,421.32,...
4292,2018-06-28 20:53:00,65,58,78,S,7,0,29.06,0.0,Fair,2018-06-28T20:28:25Z,75,50,416.37,0.06,3.11,863.0,2.74,55.0,413.45,423.08,...
4293,2018-06-28 21:53:00,64,58,80,SE,8,0,29.07,0.0,Fair,2018-06-28T21:38:04Z,75,50,413.61,0.05,1.9,473.0,1.62,30.0,412.59,420.23,...
4294,2018-06-28 22:53:00,64,59,84,SSE,6,0,29.07,0.0,Fair,2018-06-28T22:29:11Z,75,50,414.88,0.05,3.23,887.0,2.55,56.0,412.22,422.84,...
4295,2018-06-28 23:53:00,64,59,84,ESE,7,0,29.07,0.0,Fair,2018-06-28T23:28:54Z,75,50,416.12,0.06,3.84,889.0,3.3,56.0,413.13,423.99,...
4296,2018-06-29 00:53:00,63,59,87,SE,8,0,29.06,0.0,Cloudy,2018-06-29T00:29:30Z,75,50,415.61,0.05,2.48,889.0,2.16,56.0,413.76,422.41,...
4297,2018-06-29 01:53:00,63,58,84,SE,7,0,29.07,0.0,Cloudy,2018-06-29T01:29:30Z,75,50,414.35,0.05,2.03,893.0,1.79,56.0,412.63,420.91,...
4298,2018-06-29 02:53:00,62,57,84,S,6,0,29.07,0.0,Cloudy,2018-06-29T02:29:30Z,75,50,414.98,0.05,1.38,898.0,1.2,56.0,413.45,417.66,...
4299,2018-06-29 03:53:00,63,57,81,ESE,8,0,29.07,0.0,Cloudy,2018-06-29T03:29:30Z,75,50,417.5,0.06,1.08,904.0,1.02,56.0,415.77,420.15,...
4300,2018-06-29 04:53:00,62,57,84,S,8,0,29.08,0.0,Cloudy,2018-06-29T04:29:30Z,75,50,417.6,0.06,1.14,911.0,1.1,56.0,415.0,419.75,...
4301,2018-06-29 05:53:00,63,56,78,SSE,8,0,29.1,0.0,Cloudy,2018-06-29T05:23:30Z,75,50,415.25,0.05,0.72,735.0,0.59,45.0,413.88,416.17,...
4302,2018-06-29 06:53:00,63,56,78,SSE,7,0,29.11,0.0,Cloudy,2018-06-29T06:33:30Z,75,50,413.61,0.05,0.65,643.0,0.59,39.0,412.66,414.93,...
4303,2018-06-29 07:53:00,64,56,75,S,6,0,29.12,0.0,Cloudy,2018-06-29T07:29:30Z,75,50,413.79,0.05,0.65,922.0,0.56,56.0,413.0,415.14,...
4304,2018-06-29 08:53:00,65,56,73,SSE,6,0,29.11,0.0,Cloudy,2018-06-29T08:29:30Z,75,50,412.74,0.05,0.78,924.0,0.74,56.0,411.43,414.1,...
4305,2018-06-29 09:53:00,68,56,65,VAR,5,0,29.11,0.0,Cloudy,2018-06-29T09:36:02Z,75,50,412.84,0.05,0.92,450.0,0.92,28.0,411.15,414.31,...
4306,2018-06-29 10:53:00,70,56,61,WSW,8,0,29.1,0.0,Partly Cloudy,2018-06-29T10:29:54Z,75,50,413.68,0.05,0.92,877.0,0.87,55.0,412.11,415.24,...
4307,2018-06-29 11:53:00,73,56,55,,0,0,29.09,0.0,Fair,2018-06-29T11:29:52Z,75,50,414.1,0.05,1.19,884.0,1.12,56.0,411.7,416.13,...
4308,2018-06-29 12:53:00,76,57,52,S,9,0,29.08,0.0,Fair,2018-06-29T12:29:52Z,75,50,416.31,0.06,1.58,888.0,1.4,56.0,412.93,419.69,...
4309,2018-06-29 13:53:00,76,58,54,S,13,0,29.06,0.0,Fair,2018-06-29T13:29:52Z,75,50,417.06,0.06,2.32,893.0,2.08,56.0,413.47,422.42,...
4310,2018-06-29 14:53:00,75,59,57,S,12,0,29.05,0.0,Fair,2018-06-29T14:28:57Z,75,50,418.29,0.06,1.93,895.0,1.73,56.0,414.37,421.25,...
4311,2018-06-29 15:53:00,75,59,57,S,13,0,29.04,0.0,Fair,2018-06-29T15:38:35Z,75,50,416.83,0.05,1.09,465.0,1.02,29.0,415.25,419.15,...
4312,2018-06-29 16:53:00,73,59,61,S,12,0,29.03,0.0,Fair,2018-06-29T16:28:53Z,75,50,416.75,0.06,1.08,899.0,0.96,56.0,415.12,419.41,...
4313,2018-06-29 17:53:00,71,59,66,S,10,0,29.04,0.0,Fair,2018-06-29T17:29:30Z,75,50,417.86,0.06,1.16,901.0,1.13,56.0,415.79,419.43,...
4314,2018-06-29 18:53:00,68,60,76,S,9,0,29.05,0.0,Fair,2018-06-29T18:29:30Z,75,50,416.85,0.06,0.73,901.0,0.63,56.0,416.03,419.57,...
4315,2018-06-29 19:53:00,65,60,84,S,7,0,29.07,0.0,Fair,2018-06-29T19:29:30Z,75,50,417.65,0.06,1.68,904.0,1.51,56.0,416.11,424.96,...
4316,2018-06-29 20:53:00,64,60,87,S,6,0,29.09,0.0,Fair,2018-06-29T20:29:30Z,75,50,417.25,0.06,2.6,910.0,2.34,56.0,413.54,423.94,...
4317,2018-06-29 21:53:00,64,60,87,S,6,0,29.09,0.0,Cloudy,2018-06-29T21:29:30Z,75,50,415.83,0.06,3.0,910.0,2.3,56.0,412.58,423.2,...
4318,2018-06-29 22:53:00,64,60,87,S,6,0,29.09,0.0,Cloudy,2018-06-29T22:29:30Z,75,50,413.79,0.05,2.53,914.0,2.23,56.0,412.01,421.99,...
4319,2018-06-29 23:53:00,64,59,84,ESE,8,0,29.09,0.0,Cloudy,2018-06-29T23:24:00Z,75,50,414.83,0.05,3.49,753.0,2.7,46.0,412.2,422.92,...
4320,2018-06-30 00:53:00,64,59,84,S,6,0,29.09,0.0,Cloudy,2018-06-30T00:34:00Z,75,50,413.91,0.05,0.93,624.0,0.88,38.0,412.45,416.12,...
4321,2018-06-30 01:53:00,63,58,84,SSE,5,0,29.09,0.0,Cloudy,2018-06-30T01:29:30Z,75,50,414.53,0.05,1.84,915.0,1.63,56.0,412.97,422.96,...
4322,2018-06-30 02:53:00,63,58,84,VAR,6,0,29.09,0.0,Cloudy,2018-06-30T02:29:30Z,75,50,414.03,0.05,0.66,916.0,0.58,56.0,412.6,415.28,...
4323,2018-06-30 03:53:00,63,58,84,S,5,0,29.1,0.0,Cloudy,2018-06-30T03:35:00Z,75,50,413.42,0.05,0.69,444.0,0.62,27.0,412.49,415.69,...
4324,2018-06-30 04:53:00,63,58,84,S,5,0,29.11,0.0,Cloudy,2018-06-30T04:29:57Z,75,50,413.45,0.05,0.86,874.0,0.82,55.0,411.84,415.82,...
4325,2018-06-30 05:53:00,63,58,84,S,5,0,29.12,0.0,Cloudy,2018-06-30T05:29:56Z,75,50,413.24,0.05,0.65,886.0,0.59,56.0,411.91,415.11,...
4326,2018-06-30 06:53:00,63,58,84,S,5,0,29.13,0.0,Cloudy,2018-06-30T06:29:56Z,75,50,414.0,0.05,0.69,893.0,0.66,56.0,412.59,415.02,...
4327,2018-06-30 07:53:00,64,58,80,SSW,3,0,29.13,0.0,Cloudy,2018-06-30T07:29:56Z,75,50,414.3,0.05,0.79,895.0,0.75,56.0,413.34,416.26,...
4328,2018-06-30 08:53:00,65,58,78,S,5,0,29.14,0.0,Cloudy,2018-06-30T08:29:28Z,75,50,412.68,0.05,0.67,901.0,0.62,56.0,411.53,414.16,...
4329,2018-06-30 09:53:00,68,58,70,SSE,7,0,29.14,0.0,Mostly Cloudy,2018-06-30T09:39:30Z,75,50,412.22,0.05,0.28,453.0,0.23,28.0,411.81,412.67,...
4330,2018-06-30 10:53:00,71,58,63,E,3,0,29.13,0.0,Fair,2018-06-30T10:29:30Z,75,50,412.51,0.05,0.4,907.0,0.38,56.0,411.86,413.43,...
4331,2018-06-30 11:53:00,75,58,55,,0,0,29.12,0.0,Fair,2018-06-30T11:29:30Z,75,50,413.48,0.05,1.22,913.0,1.18,56.0,411.56,416.45,...
4332,2018-06-30 12:53:00,78,58,50,S,10,16,29.11,0.0,Fair,2018-06-30T12:29:30Z,75,50,414.38,0.05,1.1,915.0,1.02,56.0,413.18,418.32,...
4333,2018-06-30 13:53:00,78,57,48,S,10,0,29.1,0.0,Fair,2018-06-30T13:29:30Z,75,50,414.14,0.05,0.7,917.0,0.69,56.0,413.03,415.56,...
4334,2018-06-30 14:53:00,78,58,50,S,13,0,29.09,0.0,Fair,2018-06-30T14:29:30Z,75,50,414.98,0.05,0.37,922.0,0.35,56.0,413.97,415.68,...
4335,2018-06-30 15:53:00,78,57,48,S,10,0,29.09,0.0,Fair,2018-06-30T15:29:30Z,75,50,415.52,0.06,0.55,926.0,0.54,56.0,414.51,416.82,...
4336,2018-06-30 16:53:00,75,58,55,S,13,0,29.09,0.0,Fair,2018-06-30T16:29:30Z,75,50,416.55,0.06,0.51,925.0,0.48,56.0,415.7,417.98,...
4337,2018-06-30 17:53:00,72,59,64,S,9,0,29.09,0.0,Fair,2018-06-30T17:24:30Z,75,50,418.02,0.06,1.87,775.0,1.47,47.0,416.27,422.76,...
4338,2018-06-30 18:53:00,69,60,73,S,9,0,29.11,0.0,Fair,2018-06-30T18:35:00Z,75,50,417.5,0.06,1.87,592.0,1.63,36.0,415.99,424.47,...
4339,2018-06-30 19:53:00,67,60,79,S,7,0,29.12,0.0,Fair,2018-06-30T19:29:30Z,75,50,419.04,0.06,1.29,918.0,1.14,56.0,417.23,423.07,...
4340,2018-06-30 20:53:00,66,60,81,S,5,0,29.14,0.0,Fair,2018-06-30T20:29:30Z,75,50,417.7,0.06,2.11,914.0,1.92,56.0,414.43,422.06,...
4341,2018-06-30 21:53:00,65,61,87,S,5,0,29.14,0.0,Fair,2018-06-30T21:34:00Z,75,50,414.31,0.05,2.72,474.0,2.52,29.0,412.24,424.43,...
4342,2018-06-30 22:53:00,64,61,90,CALM,0,0,29.14,0.0,Fair,2018-06-30T22:29:30Z,75,50,412.9,0.05,1.17,921.0,0.87,56.0,412.11,416.89,...
4343,2018-06-30 23:53:00,64,61,90,CALM,0,0,29.14,0.0,Fair,2018-06-30T23:29:31Z,75,50,413.8,0.05,3.13,889.0,2.74,55.0,411.89,424.64,...
